[
 {
   "userid": "user@gmail.com",
   "reservationType": "tatkal",
   "provisionalNumber": "1234567890",
   "pnrNumber": "not generated",
   "pnrStatus": "not verified",
   "fromStn": "Howrah",
   "toStn": "CST",
   "journeyDt": "03-04-2018",
   "trainNo": "12212",
   "coachNo": "not allotted",
   "seatNo": "not allotted",
   "bookingDt": "05-04-2018",
   "bookingStatus": "not paid",
   "name": "Abhishek Roy",
   "age": "20",
   "adult": "1",
   "child":"0",
   "gender": "male",
   "mobile": "9433566200",
   "address": "saltlakecity",
   "quotaType": "senior",
   "nationality": "indian",
   "identitytype": "aadhaar",
   "identityNumber": "123456789012",
   "berth": "LB",
   "class": "2A",
   "mealType": "VEG",
   "concessions": "General",
   "baseFare": "4556",
   "cateringCharge": "200",
   "reservationCharge": "40",
   "tatkalCharge": "650",
   "gst": "450", 
   "totalFare": "78995",
   "TransactionId": "12345678900987600000",
   "debitCardId": "1234123412341230",
   "payersDetl": "Abhishek Roy",
   "cardValidDt": "Jun-17",
   "paymentDt": "09-04-2018",
   "payConfirmation": "notpaid"
 }
]