[
 {
   "trainNo": 2822,
   "trainName": "SRC-PUNE AC SF SPL",
   "runsFromStn": "SAT",
   "src": "SANTRAGACHI JN",
   "srcCode": "SRC",
   "dstn": "PUNE JN",
   "dstnCode": "PUNE",
   "fromStn": "SANTRAGACHI JN",
   "fromStnCode": "SRC",
   "toStn": "KALYAN JN",
   "toStnCode": "KYN",
   "depAtFromStn": "18:30",
   "arrAtToStn": "22:40",
   "travelTime": "28:10:00",
   "trainType": "HSP",
   "AC1Tier": 4920,
   "AC2Tier": 2855,
   "sleeperClass": 740
 },
 {
   "trainNo": 2841,
   "trainName": "SRC MAS SPL WITH SPL CHRG",
   "runsFromStn": "SUN",
   "src": "SANTRAGACHI JN",
   "srcCode": "SRC",
   "dstn": "CHENNAI CENTRAL",
   "dstnCode": "MAS",
   "fromStn": "SANTRAGACHI JN",
   "fromStnCode": "SRC",
   "toStn": "CHENNAI CENTRAL",
   "toStnCode": "MAS",
   "depAtFromStn": "12:40",
   "arrAtToStn": "15:20",
   "travelTime": "26:40:00",
   "trainType": "HSP",
   "AC1Tier": 4760,
   "AC2Tier": 2780,
   "sleeperClass": 660
 },
 {
   "trainNo": 4418,
   "trainName": "NZM-PUNE HOLI SPL",
   "runsFromStn": "TUE",
   "src": "HAZRAT NIZAMUDDIN",
   "srcCode": "NZM",
   "dstn": "PUNE JN",
   "dstnCode": "PUNE",
   "fromStn": "HAZRAT NIZAMUDDIN",
   "fromStnCode": "NZM",
   "toStn": "VASAI ROAD",
   "toStnCode": "BSR",
   "depAtFromStn": "21:35",
   "arrAtToStn": "17:15",
   "travelTime": "19:40",
   "trainType": "HSP",
   "AC1Tier": 4760,
   "AC2Tier": 2865,
   "sleeperClass": 660
 },
 {
   "trainNo": 6009,
   "trainName": "SRC-PDY SPECIAL FARE",
   "runsFromStn": "MON",
   "src": "SANTRAGACHI JN",
   "srcCode": "SRC",
   "dstn": "PONDICHERRY",
   "dstnCode": "PDY",
   "fromStn": "SANTRAGACHI JN",
   "fromStnCode": "SRC",
   "toStn": "CHENNAI EGMORE",
   "toStnCode": "MS",
   "depAtFromStn": "14:10",
   "arrAtToStn": "16:58",
   "travelTime": "26:48:00",
   "trainType": "HSP",
   "AC1Tier": 4760,
   "AC2Tier": 2780,
   "sleeperClass": 660
 },
 {
   "trainNo": 6057,
   "trainName": "SRC-MAS SPECIAL FARE",
   "runsFromStn": "THU",
   "src": "SANTRAGACHI JN",
   "srcCode": "SRC",
   "dstn": "CHENNAI CENTRAL",
   "dstnCode": "MAS",
   "fromStn": "SANTRAGACHI JN",
   "fromStnCode": "SRC",
   "toStn": "CHENNAI CENTRAL",
   "toStnCode": "MAS",
   "depAtFromStn": "23:50",
   "arrAtToStn": "05:30",
   "travelTime": "29:40:00",
   "trainType": "HSP",
   "AC1Tier": 4760,
   "AC2Tier": 2780,
   "sleeperClass": 660
 },
 {
   "trainNo": 7603,
   "trainName": "KCG-KJM HSP",
   "runsFromStn": "SUN",
   "src": "KACHEGUDA",
   "srcCode": "KCG",
   "dstn": "KRISHNARAJAPURM",
   "dstnCode": "KJM",
   "fromStn": "KACHEGUDA",
   "fromStnCode": "KCG",
   "toStn": "YELAHANKA JN.",
   "toStnCode": "YNK",
   "depAtFromStn": "18:00",
   "arrAtToStn": "05:00",
   "travelTime": "11:00",
   "trainType": "HSP",
   "AC1Tier": 4040,
   "AC2Tier": 2350,
   "sleeperClass": 595
 },
 {
   "trainNo": 9004,
   "trainName": "NZM BDTS SF SC RAJDHANI",
   "runsFromStn": "WED,FRI,SUN",
   "src": "HAZRAT NIZAMUDDIN",
   "srcCode": "NZM",
   "dstn": "BANDRA TERMINUS",
   "dstnCode": "BDTS",
   "fromStn": "HAZRAT NIZAMUDDIN",
   "fromStnCode": "NZM",
   "toStn": "BANDRA TERMINUS",
   "toStnCode": "BDTS",
   "depAtFromStn": "16:15",
   "arrAtToStn": "06:10",
   "travelTime": "13:55",
   "trainType": "HSP",
   "AC1Tier": 4760,
   "AC2Tier": 2865,
   "sleeperClass": 660
 },
 {
   "trainNo": 11005,
   "trainName": "DR-PDY EXPRESS",
   "runsFromStn": "MON,FRI,SUN",
   "src": "DADAR",
   "srcCode": "DR",
   "dstn": "PONDICHERRY",
   "dstnCode": "PDY",
   "fromStn": "DADAR",
   "fromStnCode": "DR",
   "toStn": "YASVANTPUR JN",
   "toStnCode": "YPR",
   "depAtFromStn": "21:30",
   "arrAtToStn": "21:30",
   "travelTime": "24:00:00",
   "trainType": "MEX",
   "AC1Tier": 4040,
   "AC2Tier": 2350,
   "sleeperClass": 595
 },
 {
   "trainNo": 11013,
   "trainName": "COIMBATORE EXP",
   "runsFromStn": "DAILY",
   "src": "LOKMANYATILAK",
   "srcCode": "LTT",
   "dstn": "COIMBATORE JN",
   "dstnCode": "CBE",
   "fromStn": "LOKMANYATILAK",
   "fromStnCode": "LTT",
   "toStn": "KSR BENGALURU",
   "toStnCode": "SBC",
   "depAtFromStn": "22:35",
   "arrAtToStn": "21:50",
   "travelTime": "23:15",
   "trainType": "MEX",
   "AC1Tier": 4040,
   "AC2Tier": 2350,
   "sleeperClass": 595
 },
 {
   "trainNo": 11017,
   "trainName": "LTT-KIK WEEKLY EXPRESS",
   "runsFromStn": "SAT",
   "src": "LOKMANYATILAK",
   "srcCode": "LTT",
   "dstn": "KARAIKAL",
   "dstnCode": "KIK",
   "fromStn": "LOKMANYATILAK",
   "fromStnCode": "LTT",
   "toStn": "CHENNAI EGMORE",
   "toStnCode": "MS",
   "depAtFromStn": "12:05",
   "arrAtToStn": "10:55",
   "travelTime": "22:50",
   "trainType": "MEX",
   "AC1Tier": 4760,
   "AC2Tier": 2780,
   "sleeperClass": 660
 },
 {
   "trainNo": 11019,
   "trainName": "KONARK EXPRESS",
   "runsFromStn": "DAILY",
   "src": "C SHIVAJI MAHARAJ T",
   "srcCode": "CSMT",
   "dstn": "BHUBANESWAR",
   "dstnCode": "BBS",
   "fromStn": "C SHIVAJI MAHARAJ T",
   "fromStnCode": "CSMT",
   "toStn": "BEGAMPET",
   "toStnCode": "BMT",
   "depAtFromStn": "15:10",
   "arrAtToStn": "07:01",
   "travelTime": "15:51",
   "trainType": "MEX",
   "AC1Tier": 4760,
   "AC2Tier": 2780,
   "sleeperClass": 660
 },
 {
   "trainNo": 11021,
   "trainName": "DR-TEN EXPRESS",
   "runsFromStn": "TUE,WED,SAT",
   "src": "DADAR",
   "srcCode": "DR",
   "dstn": "TIRUNELVELI",
   "dstnCode": "TEN",
   "fromStn": "DADAR",
   "fromStnCode": "DR",
   "toStn": "YASVANTPUR JN",
   "toStnCode": "YPR",
   "depAtFromStn": "21:30",
   "arrAtToStn": "21:30",
   "travelTime": "24:00:00",
   "trainType": "MEX",
   "AC1Tier": 4040,
   "AC2Tier": 2350,
   "sleeperClass": 595
 },
 {
   "trainNo": 11027,
   "trainName": "CSMT-MAS MAIL",
   "runsFromStn": "DAILY",
   "src": "C SHIVAJI MAHARAJ T",
   "srcCode": "CSMT",
   "dstn": "CHENNAI CENTRAL",
   "dstnCode": "MAS",
   "fromStn": "C SHIVAJI MAHARAJ T",
   "fromStnCode": "CSMT",
   "toStn": "CHENNAI CENTRAL",
   "toStnCode": "MAS",
   "depAtFromStn": "23:45",
   "arrAtToStn": "03:30",
   "travelTime": "27:45:00",
   "trainType": "MEX",
   "AC1Tier": 4760,
   "AC2Tier": 2780,
   "sleeperClass": 660
 },
 {
   "trainNo": 11041,
   "trainName": "CSMT -MAS EXPRESS",
   "runsFromStn": "DAILY",
   "src": "C SHIVAJI MAHARAJ T",
   "srcCode": "CSMT",
   "dstn": "CHENNAI CENTRAL",
   "dstnCode": "MAS",
   "fromStn": "C SHIVAJI MAHARAJ T",
   "fromStnCode": "CSMT",
   "toStn": "CHENNAI CENTRAL",
   "toStnCode": "MAS",
   "depAtFromStn": "14:00",
   "arrAtToStn": "16:30",
   "travelTime": "26:30:00",
   "trainType": "MEX",
   "AC1Tier": 4760,
   "AC2Tier": 2780,
   "sleeperClass": 660
 },
 {
   "trainNo": 11058,
   "trainName": "ASR CSMT EXPRESS",
   "runsFromStn": "DAILY",
   "src": "AMRITSAR JN",
   "srcCode": "ASR",
   "dstn": "C SHIVAJI MAHARAJ T",
   "dstnCode": "CSMT",
   "fromStn": "NEW DELHI",
   "fromStnCode": "NDLS",
   "toStn": "KALYAN JN",
   "toStnCode": "KYN",
   "depAtFromStn": "20:45",
   "arrAtToStn": "02:42",
   "travelTime": "29:57:00",
   "trainType": "MEX",
   "AC1Tier": 4760,
   "AC2Tier": 2865,
   "sleeperClass": 660
 },
 {
   "trainNo": 11073,
   "trainName": "LTT-MAS EXPRESS",
   "runsFromStn": "MON",
   "src": "LOKMANYATILAK",
   "srcCode": "LTT",
   "dstn": "CHENNAI CENTRAL",
   "dstnCode": "MAS",
   "fromStn": "LOKMANYATILAK",
   "fromStnCode": "LTT",
   "toStn": "CHENNAI CENTRAL",
   "toStnCode": "MAS",
   "depAtFromStn": "13:20",
   "arrAtToStn": "12:55",
   "travelTime": "23:35",
   "trainType": "MEX",
   "AC1Tier": 4760,
   "AC2Tier": 2780,
   "sleeperClass": 660
 },
 {
   "trainNo": 11301,
   "trainName": "UDYAN EXPRESS",
   "runsFromStn": "DAILY",
   "src": "C SHIVAJI MAHARAJ T",
   "srcCode": "CSMT",
   "dstn": "KSR BENGALURU",
   "dstnCode": "SBC",
   "fromStn": "C SHIVAJI MAHARAJ T",
   "fromStnCode": "CSMT",
   "toStn": "KSR BENGALURU",
   "toStnCode": "SBC",
   "depAtFromStn": "08:10",
   "arrAtToStn": "08:50",
   "travelTime": "24:40:00",
   "trainType": "MEX",
   "AC1Tier": 4040,
   "AC2Tier": 2350,
   "sleeperClass": 595
 },
 {
   "trainNo": 12007,
   "trainName": "MAS-MYS SHATABDI EXP",
   "runsFromStn": "MON,TUE,THU,FRI,SAT,SUN",
   "src": "CHENNAI CENTRAL",
   "srcCode": "MAS",
   "dstn": "MYSORE JN",
   "dstnCode": "MYS",
   "fromStn": "CHENNAI CENTRAL",
   "fromStnCode": "MAS",
   "toStn": "KSR BENGALURU",
   "toStnCode": "SBC",
   "depAtFromStn": "06:00",
   "arrAtToStn": "10:50",
   "travelTime": "04:50",
   "trainType": "SHT",
   "AC1Tier": 4040,
   "AC2Tier": 2350,
   "sleeperClass": 595
 },
 {
   "trainNo": 12027,
   "trainName": "MAS-SBC SHATABDI EXP",
   "runsFromStn": "MON,WED,THU,FRI,SAT,SUN",
   "src": "CHENNAI CENTRAL",
   "srcCode": "MAS",
   "dstn": "KSR BENGALURU",
   "dstnCode": "SBC",
   "fromStn": "CHENNAI CENTRAL",
   "fromStnCode": "MAS",
   "toStn": "KSR BENGALURU",
   "toStnCode": "SBC",
   "depAtFromStn": "17:30",
   "arrAtToStn": "22:30",
   "travelTime": "05:00",
   "trainType": "SHT",
   "AC1Tier": 4040,
   "AC2Tier": 2350,
   "sleeperClass": 595
 },
 {
   "trainNo": 12102,
   "trainName": "HWH LTT JNANESWARI SUPDLX",
   "runsFromStn": "MON,WED,THU,SUN",
   "src": "HOWRAH JN",
   "srcCode": "HWH",
   "dstn": "LOKMANYATILAK",
   "dstnCode": "LTT",
   "fromStn": "HOWRAH JN",
   "fromStnCode": "HWH",
   "toStn": "KALYAN JN",
   "toStnCode": "KYN",
   "depAtFromStn": "22:50",
   "arrAtToStn": "04:50",
   "travelTime": "30:00:00",
   "trainType": "SUF",
   "AC1Tier": 4920,
   "AC2Tier": 2855,
   "sleeperClass": 740
 },
 {
   "trainNo": 12138,
   "trainName": "PUNJAB MAIL",
   "runsFromStn": "DAILY",
   "src": "FIROZPUR CANT",
   "srcCode": "FZR",
   "dstn": "C SHIVAJI MAHARAJ T",
   "dstnCode": "CSMT",
   "fromStn": "NEW DELHI",
   "fromStnCode": "NDLS",
   "toStn": "KALYAN JN",
   "toStnCode": "KYN",
   "depAtFromStn": "05:15",
   "arrAtToStn": "06:20",
   "travelTime": "25:05:00",
   "trainType": "SUF",
   "AC1Tier": 4760,
   "AC2Tier": 2865,
   "sleeperClass": 660
 },
 {
   "trainNo": 12152,
   "trainName": "HWH-LTT SAMRASTA EXP",
   "runsFromStn": "FRI,SAT",
   "src": "HOWRAH JN",
   "srcCode": "HWH",
   "dstn": "LOKMANYATILAK",
   "dstnCode": "LTT",
   "fromStn": "HOWRAH JN",
   "fromStnCode": "HWH",
   "toStn": "KALYAN JN",
   "toStnCode": "KYN",
   "depAtFromStn": "21:15",
   "arrAtToStn": "06:27",
   "travelTime": "33:12:00",
   "trainType": "SUF",
   "AC1Tier": 4920,
   "AC2Tier": 2855,
   "sleeperClass": 740
 },
 {
   "trainNo": 12163,
   "trainName": "CHENNAI EXPRESS",
   "runsFromStn": "DAILY",
   "src": "DADAR",
   "srcCode": "DR",
   "dstn": "CHENNAI EGMORE",
   "dstnCode": "MS",
   "fromStn": "DADAR",
   "fromStnCode": "DR",
   "toStn": "CHENNAI EGMORE",
   "toStnCode": "MS",
   "depAtFromStn": "20:30",
   "arrAtToStn": "19:45",
   "travelTime": "23:15",
   "trainType": "SUF",
   "AC1Tier": 4760,
   "AC2Tier": 2780,
   "sleeperClass": 660
 },
 {
   "trainNo": 12172,
   "trainName": "HW - LTT SUPER FAST EXP",
   "runsFromStn": "WED,SAT",
   "src": "HARIDWAR JN",
   "srcCode": "HW",
   "dstn": "LOKMANYATILAK",
   "dstnCode": "LTT",
   "fromStn": "HAZRAT NIZAMUDDIN",
   "fromStnCode": "NZM",
   "toStn": "KALYAN JN",
   "toStnCode": "KYN",
   "depAtFromStn": "00:10",
   "arrAtToStn": "22:52",
   "travelTime": "22:42",
   "trainType": "SUF",
   "AC1Tier": 4760,
   "AC2Tier": 2865,
   "sleeperClass": 660
 },
 {
   "trainNo": 12194,
   "trainName": "JBP-YPR WEEKLY EXP",
   "runsFromStn": "SUN",
   "src": "JABALPUR",
   "srcCode": "JBP",
   "dstn": "YASVANTPUR JN",
   "dstnCode": "YPR",
   "fromStn": "KACHEGUDA",
   "fromStnCode": "KCG",
   "toStn": "YASVANTPUR JN",
   "toStnCode": "YPR",
   "depAtFromStn": "01:35",
   "arrAtToStn": "13:30",
   "travelTime": "11:55",
   "trainType": "SUF",
   "AC1Tier": 4040,
   "AC2Tier": 2350,
   "sleeperClass": 595
 },
 {
   "trainNo": 12214,
   "trainName": "DEE-YPR DURONTO EXPRESS",
   "runsFromStn": "MON",
   "src": "DELHI SARAI ROHILLA",
   "srcCode": "DEE",
   "dstn": "YASVANTPUR JN",
   "dstnCode": "YPR",
   "fromStn": "DELHI SARAI ROHILLA",
   "fromStnCode": "DEE",
   "toStn": "SECUNDERABAD JN",
   "toStnCode": "SC",
   "depAtFromStn": "23:00",
   "arrAtToStn": "21:15",
   "travelTime": "22:15",
   "trainType": "DRNT",
   "AC1Tier": 4760,
   "AC2Tier": 2780,
   "sleeperClass": 660
 },
 {
   "trainNo": 12214,
   "trainName": "DEE-YPR DURONTO EXPRESS",
   "runsFromStn": "TUE",
   "src": "DELHI SARAI ROHILLA",
   "srcCode": "DEE",
   "dstn": "YASVANTPUR JN",
   "dstnCode": "YPR",
   "fromStn": "SECUNDERABAD JN",
   "fromStnCode": "SC",
   "toStn": "YASVANTPUR JN",
   "toStnCode": "YPR",
   "depAtFromStn": "21:30",
   "arrAtToStn": "07:55",
   "travelTime": "10:25",
   "trainType": "DRNT",
   "AC1Tier": 4040,
   "AC2Tier": 2350,
   "sleeperClass": 595
 },
 {
   "trainNo": 12214,
   "trainName": "DEE-YPR DURONTO EXPRESS",
   "runsFromStn": "MON",
   "src": "DELHI SARAI ROHILLA",
   "srcCode": "DEE",
   "dstn": "YASVANTPUR JN",
   "dstnCode": "YPR",
   "fromStn": "DELHI SARAI ROHILLA",
   "fromStnCode": "DEE",
   "toStn": "YASVANTPUR JN",
   "toStnCode": "YPR",
   "depAtFromStn": "23:00",
   "arrAtToStn": "07:55",
   "travelTime": "32:55:00",
   "trainType": "DRNT",
   "AC1Tier": 4040,
   "AC2Tier": 2350,
   "sleeperClass": 595
 },
 {
   "trainNo": 12215,
   "trainName": "DEE-BDTS GARIBRATH",
   "runsFromStn": "MON,TUE,THU,SAT",
   "src": "DELHI SARAI ROHILLA",
   "srcCode": "DEE",
   "dstn": "BANDRA TERMINUS",
   "dstnCode": "BDTS",
   "fromStn": "DELHI SARAI ROHILLA",
   "fromStnCode": "DEE",
   "toStn": "BORIVALI",
   "toStnCode": "BVI",
   "depAtFromStn": "09:20",
   "arrAtToStn": "07:16",
   "travelTime": "21:56",
   "trainType": "GBR",
   "AC1Tier": 4760,
   "AC2Tier": 2865,
   "sleeperClass": 660
 },
 {
   "trainNo": 12218,
   "trainName": "KERALA S.KRANTI EXP",
   "runsFromStn": "WED,FRI",
   "src": "CHANDIGARH",
   "srcCode": "CDG",
   "dstn": "KOCHUVELI",
   "dstnCode": "KCVL",
   "fromStn": "NEW DELHI",
   "fromStnCode": "NDLS",
   "toStn": "VASAI ROAD",
   "toStnCode": "BSR",
   "depAtFromStn": "13:40",
   "arrAtToStn": "10:50",
   "travelTime": "21:10",
   "trainType": "SUF",
   "AC1Tier": 4760,
   "AC2Tier": 2865,
   "sleeperClass": 660
 },
 {
   "trainNo": 12219,
   "trainName": "LTT-SC AC DURONTO EXP",
   "runsFromStn": "WED,SAT",
   "src": "LOKMANYATILAK",
   "srcCode": "LTT",
   "dstn": "SECUNDERABAD JN",
   "dstnCode": "SC",
   "fromStn": "LOKMANYATILAK",
   "fromStnCode": "LTT",
   "toStn": "SECUNDERABAD JN",
   "toStnCode": "SC",
   "depAtFromStn": "23:05",
   "arrAtToStn": "11:05",
   "travelTime": "12:00",
   "trainType": "DRNT",
   "AC1Tier": 4760,
   "AC2Tier": 2780,
   "sleeperClass": 660
 },
 {
   "trainNo": 12245,
   "trainName": "HWH - YPR WEEKLY DURANTO",
   "runsFromStn": "TUE,WED,FRI,SAT,SUN",
   "src": "HOWRAH JN",
   "srcCode": "HWH",
   "dstn": "YASVANTPUR JN",
   "dstnCode": "YPR",
   "fromStn": "HOWRAH JN",
   "fromStnCode": "HWH",
   "toStn": "YASVANTPUR JN",
   "toStnCode": "YPR",
   "depAtFromStn": "10:55",
   "arrAtToStn": "16:00",
   "travelTime": "29:05:00",
   "trainType": "DRNT",
   "AC1Tier": 4040,
   "AC2Tier": 2350,
   "sleeperClass": 595
 },
 {
   "trainNo": 12248,
   "trainName": "NZM BDTS YUVA",
   "runsFromStn": "SAT",
   "src": "HAZRAT NIZAMUDDIN",
   "srcCode": "NZM",
   "dstn": "BANDRA TERMINUS",
   "dstnCode": "BDTS",
   "fromStn": "HAZRAT NIZAMUDDIN",
   "fromStnCode": "NZM",
   "toStn": "BANDRA TERMINUS",
   "toStnCode": "BDTS",
   "depAtFromStn": "15:35",
   "arrAtToStn": "09:20",
   "travelTime": "17:45",
   "trainType": "SUF",
   "AC1Tier": 4760,
   "AC2Tier": 2865,
   "sleeperClass": 660
 },
 {
   "trainNo": 12249,
   "trainName": "HWH-ANVT YUVA EXP",
   "runsFromStn": "SAT",
   "src": "HOWRAH JN",
   "srcCode": "HWH",
   "dstn": "ANAND VIHAR TERMINAL",
   "dstnCode": "ANVT",
   "fromStn": "HOWRAH JN",
   "fromStnCode": "HWH",
   "toStn": "ANAND VIHAR TERMINAL",
   "toStnCode": "ANVT",
   "depAtFromStn": "18:40",
   "arrAtToStn": "11:20",
   "travelTime": "16:40",
   "trainType": "SUF",
   "AC1Tier": 4760,
   "AC2Tier": 2780,
   "sleeperClass": 660
 },
 {
   "trainNo": 12252,
   "trainName": "KRBA YPR WAINGANGA EXP",
   "runsFromStn": "FRI,MON",
   "src": "KORBA",
   "srcCode": "KRBA",
   "dstn": "YASVANTPUR JN",
   "dstnCode": "YPR",
   "fromStn": "KACHEGUDA",
   "fromStnCode": "KCG",
   "toStn": "YELAHANKA JN.",
   "toStnCode": "YNK",
   "depAtFromStn": "01:35",
   "arrAtToStn": "12:53",
   "travelTime": "11:18",
   "trainType": "SUF",
   "AC1Tier": 4040,
   "AC2Tier": 2350,
   "sleeperClass": 595
 },
 {
   "trainNo": 12254,
   "trainName": "BGP-YPR ANGA EXPRESS",
   "runsFromStn": "WED",
   "src": "BHAGALPUR",
   "srcCode": "BGP",
   "dstn": "YASVANTPUR JN",
   "dstnCode": "YPR",
   "fromStn": "HOWRAH JN",
   "fromStnCode": "HWH",
   "toStn": "YASVANTPUR JN",
   "toStnCode": "YPR",
   "depAtFromStn": "23:30",
   "arrAtToStn": "09:05",
   "travelTime": "33:35:00",
   "trainType": "SUF",
   "AC1Tier": 4040,
   "AC2Tier": 2350,
   "sleeperClass": 595
 },
 {
   "trainNo": 12259,
   "trainName": "NDLS DURONTO",
   "runsFromStn": "MON,WED,THU,SUN",
   "src": "SEALDAH",
   "srcCode": "SDAH",
   "dstn": "NEW DELHI",
   "dstnCode": "NDLS",
   "fromStn": "SEALDAH",
   "fromStnCode": "SDAH",
   "toStn": "NEW DELHI",
   "toStnCode": "NDLS",
   "depAtFromStn": "18:30",
   "arrAtToStn": "11:30",
   "travelTime": "17:00",
   "trainType": "DRNT",
   "AC1Tier": 4760,
   "AC2Tier": 2780,
   "sleeperClass": 660
 },
 {
   "trainNo": 12262,
   "trainName": "HWH-CSMT DURANTO EXPRESS",
   "runsFromStn": "MON,TUE,WED,FRI",
   "src": "HOWRAH JN",
   "srcCode": "HWH",
   "dstn": "C SHIVAJI MAHARAJ T",
   "dstnCode": "CSMT",
   "fromStn": "HOWRAH JN",
   "fromStnCode": "HWH",
   "toStn": "C SHIVAJI MAHARAJ T",
   "toStnCode": "CSMT",
   "depAtFromStn": "08:20",
   "arrAtToStn": "10:30",
   "travelTime": "26:10:00",
   "trainType": "DRNT",
   "AC1Tier": 4920,
   "AC2Tier": 2855,
   "sleeperClass": 740
 },
 {
   "trainNo": 12264,
   "trainName": "NZM-PUNE DURANTO",
   "runsFromStn": "MON,THU",
   "src": "HAZRAT NIZAMUDDIN",
   "srcCode": "NZM",
   "dstn": "PUNE JN",
   "dstnCode": "PUNE",
   "fromStn": "HAZRAT NIZAMUDDIN",
   "fromStnCode": "NZM",
   "toStn": "VASAI ROAD",
   "toStnCode": "BSR",
   "depAtFromStn": "10:55",
   "arrAtToStn": "03:55",
   "travelTime": "17:00",
   "trainType": "DRNT",
   "AC1Tier": 4760,
   "AC2Tier": 2865,
   "sleeperClass": 660
 },
 {
   "trainNo": 12270,
   "trainName": "NZM-MAS DURANTO EXP",
   "runsFromStn": "TUE,SAT",
   "src": "HAZRAT NIZAMUDDIN",
   "srcCode": "NZM",
   "dstn": "CHENNAI CENTRAL",
   "dstnCode": "MAS",
   "fromStn": "HAZRAT NIZAMUDDIN",
   "fromStnCode": "NZM",
   "toStn": "CHENNAI CENTRAL",
   "toStnCode": "MAS",
   "depAtFromStn": "15:45",
   "arrAtToStn": "20:10",
   "travelTime": "28:25:00",
   "trainType": "DRNT",
   "AC1Tier": 4760,
   "AC2Tier": 2780,
   "sleeperClass": 660
 },
 {
   "trainNo": 12273,
   "trainName": "HWH NDLS DURONTO",
   "runsFromStn": "MON,FRI",
   "src": "HOWRAH JN",
   "srcCode": "HWH",
   "dstn": "NEW DELHI",
   "dstnCode": "NDLS",
   "fromStn": "HOWRAH JN",
   "fromStnCode": "HWH",
   "toStn": "NEW DELHI",
   "toStnCode": "NDLS",
   "depAtFromStn": "08:35",
   "arrAtToStn": "06:25",
   "travelTime": "21:50",
   "trainType": "DRNT",
   "AC1Tier": 4760,
   "AC2Tier": 2780,
   "sleeperClass": 660
 },
 {
   "trainNo": 12284,
   "trainName": "NZM-ERS DURONTO EXPRESS",
   "runsFromStn": "SAT",
   "src": "HAZRAT NIZAMUDDIN",
   "srcCode": "NZM",
   "dstn": "ERNAKULAM JN",
   "dstnCode": "ERS",
   "fromStn": "HAZRAT NIZAMUDDIN",
   "fromStnCode": "NZM",
   "toStn": "VASAI ROAD",
   "toStnCode": "BSR",
   "depAtFromStn": "21:35",
   "arrAtToStn": "16:25",
   "travelTime": "18:50",
   "trainType": "DRNT",
   "AC1Tier": 4760,
   "AC2Tier": 2865,
   "sleeperClass": 660
 },
 {
   "trainNo": 12286,
   "trainName": "NZM-SC DURONTO EXP",
   "runsFromStn": "MON,FRI",
   "src": "HAZRAT NIZAMUDDIN",
   "srcCode": "NZM",
   "dstn": "SECUNDERABAD JN",
   "dstnCode": "SC",
   "fromStn": "HAZRAT NIZAMUDDIN",
   "fromStnCode": "NZM",
   "toStn": "SECUNDERABAD JN",
   "toStnCode": "SC",
   "depAtFromStn": "15:45",
   "arrAtToStn": "14:00",
   "travelTime": "22:15",
   "trainType": "DRNT",
   "AC1Tier": 4760,
   "AC2Tier": 2780,
   "sleeperClass": 660
 },
 {
   "trainNo": 12292,
   "trainName": "MAS-YPR EXP",
   "runsFromStn": "SAT",
   "src": "CHENNAI CENTRAL",
   "srcCode": "MAS",
   "dstn": "YASVANTPUR JN",
   "dstnCode": "YPR",
   "fromStn": "CHENNAI CENTRAL",
   "fromStnCode": "MAS",
   "toStn": "YASVANTPUR JN",
   "toStnCode": "YPR",
   "depAtFromStn": "23:30",
   "arrAtToStn": "06:00",
   "travelTime": "06:30",
   "trainType": "SUF",
   "AC1Tier": 4040,
   "AC2Tier": 2350,
   "sleeperClass": 595
 },
 {
   "trainNo": 12296,
   "trainName": "PNBE-SBC SANGHMITRA EXP.",
   "runsFromStn": "DAILY",
   "src": "DANAPUR",
   "srcCode": "DNR",
   "dstn": "KSR BENGALURU",
   "dstnCode": "SBC",
   "fromStn": "CHENNAI CENTRAL",
   "fromStnCode": "MAS",
   "toStn": "KSR BENGALURU",
   "toStnCode": "SBC",
   "depAtFromStn": "13:55",
   "arrAtToStn": "20:20",
   "travelTime": "06:25",
   "trainType": "SUF",
   "AC1Tier": 4040,
   "AC2Tier": 2350,
   "sleeperClass": 595
 },
 {
   "trainNo": 12301,
   "trainName": "KOLKATA RAJDHANI EXPRESS",
   "runsFromStn": "MON,TUE,WED,THU,FRI,SAT",
   "src": "HOWRAH JN",
   "srcCode": "HWH",
   "dstn": "NEW DELHI",
   "dstnCode": "NDLS",
   "fromStn": "HOWRAH JN",
   "fromStnCode": "HWH",
   "toStn": "NEW DELHI",
   "toStnCode": "NDLS",
   "depAtFromStn": "16:55",
   "arrAtToStn": "10:00",
   "travelTime": "17:05",
   "trainType": "RAJ",
   "AC1Tier": 4760,
   "AC2Tier": 2780,
   "sleeperClass": 660
 },
 {
   "trainNo": 12303,
   "trainName": "POORVA EXPRESS",
   "runsFromStn": "MON,TUE,FRI,SAT",
   "src": "HOWRAH JN",
   "srcCode": "HWH",
   "dstn": "NEW DELHI",
   "dstnCode": "NDLS",
   "fromStn": "HOWRAH JN",
   "fromStnCode": "HWH",
   "toStn": "NEW DELHI",
   "toStnCode": "NDLS",
   "depAtFromStn": "08:05",
   "arrAtToStn": "06:05",
   "travelTime": "22:00",
   "trainType": "SUF",
   "AC1Tier": 4760,
   "AC2Tier": 2780,
   "sleeperClass": 660
 },
 {
   "trainNo": 12305,
   "trainName": "KOLKATA RAJDHANI EXPRESS",
   "runsFromStn": "SUN",
   "src": "HOWRAH JN",
   "srcCode": "HWH",
   "dstn": "NEW DELHI",
   "dstnCode": "NDLS",
   "fromStn": "HOWRAH JN",
   "fromStnCode": "HWH",
   "toStn": "NEW DELHI",
   "toStnCode": "NDLS",
   "depAtFromStn": "14:05",
   "arrAtToStn": "10:00",
   "travelTime": "19:55",
   "trainType": "RAJ",
   "AC1Tier": 4760,
   "AC2Tier": 2780,
   "sleeperClass": 660
 },
 {
   "trainNo": 12311,
   "trainName": "HWH DLIKLK MAIL",
   "runsFromStn": "DAILY",
   "src": "HOWRAH JN",
   "srcCode": "HWH",
   "dstn": "KALKA",
   "dstnCode": "KLK",
   "fromStn": "HOWRAH JN",
   "fromStnCode": "HWH",
   "toStn": "DELHI",
   "toStnCode": "DLI",
   "depAtFromStn": "19:40",
   "arrAtToStn": "20:45",
   "travelTime": "25:05:00",
   "trainType": "SUF",
   "AC1Tier": 4760,
   "AC2Tier": 2780,
   "sleeperClass": 660
 },
 {
   "trainNo": 12313,
   "trainName": "SDAH RAJDHANI EXPRESS",
   "runsFromStn": "DAILY",
   "src": "SEALDAH",
   "srcCode": "SDAH",
   "dstn": "NEW DELHI",
   "dstnCode": "NDLS",
   "fromStn": "SEALDAH",
   "fromStnCode": "SDAH",
   "toStn": "NEW DELHI",
   "toStnCode": "NDLS",
   "depAtFromStn": "16:50",
   "arrAtToStn": "10:25",
   "travelTime": "17:35",
   "trainType": "RAJ",
   "AC1Tier": 4760,
   "AC2Tier": 2780,
   "sleeperClass": 660
 },
 {
   "trainNo": 12321,
   "trainName": "HWH MUMBAI MAIL",
   "runsFromStn": "DAILY",
   "src": "HOWRAH JN",
   "srcCode": "HWH",
   "dstn": "C SHIVAJI MAHARAJ T",
   "dstnCode": "CSMT",
   "fromStn": "HOWRAH JN",
   "fromStnCode": "HWH",
   "toStn": "KALYAN JN",
   "toStnCode": "KYN",
   "depAtFromStn": "22:00",
   "arrAtToStn": "10:12",
   "travelTime": "36:12:00",
   "trainType": "SUF",
   "AC1Tier": 4920,
   "AC2Tier": 2855,
   "sleeperClass": 740
 },
 {
   "trainNo": 12323,
   "trainName": "HWH ANVT BI-WKLY EXPRES",
   "runsFromStn": "TUE,FRI",
   "src": "HOWRAH JN",
   "srcCode": "HWH",
   "dstn": "ANAND VIHAR TERMINAL",
   "dstnCode": "ANVT",
   "fromStn": "HOWRAH JN",
   "fromStnCode": "HWH",
   "toStn": "ANAND VIHAR TERMINAL",
   "toStnCode": "ANVT",
   "depAtFromStn": "18:50",
   "arrAtToStn": "17:05",
   "travelTime": "22:15",
   "trainType": "SUF",
   "AC1Tier": 4760,
   "AC2Tier": 2780,
   "sleeperClass": 660
 },
 {
   "trainNo": 12329,
   "trainName": "SAMPARK KRANTI EXP",
   "runsFromStn": "TUE",
   "src": "SEALDAH",
   "srcCode": "SDAH",
   "dstn": "ANAND VIHAR TERMINAL",
   "dstnCode": "ANVT",
   "fromStn": "SEALDAH",
   "fromStnCode": "SDAH",
   "toStn": "ANAND VIHAR TERMINAL",
   "toStnCode": "ANVT",
   "depAtFromStn": "13:10",
   "arrAtToStn": "11:50",
   "travelTime": "22:40",
   "trainType": "SUF",
   "AC1Tier": 4760,
   "AC2Tier": 2780,
   "sleeperClass": 660
 },
 {
   "trainNo": 12371,
   "trainName": "HWH JSM SF EXPRESS",
   "runsFromStn": "MON",
   "src": "HOWRAH JN",
   "srcCode": "HWH",
   "dstn": "JAISALMER",
   "dstnCode": "JSM",
   "fromStn": "HOWRAH JN",
   "fromStnCode": "HWH",
   "toStn": "DELHI",
   "toStnCode": "DLI",
   "depAtFromStn": "08:15",
   "arrAtToStn": "10:25",
   "travelTime": "26:10:00",
   "trainType": "SUF",
   "AC1Tier": 4760,
   "AC2Tier": 2780,
   "sleeperClass": 660
 },
 {
   "trainNo": 12379,
   "trainName": "JALIANWALA BAGH EXP",
   "runsFromStn": "FRI",
   "src": "SEALDAH",
   "srcCode": "SDAH",
   "dstn": "AMRITSAR JN",
   "dstnCode": "ASR",
   "fromStn": "SEALDAH",
   "fromStnCode": "SDAH",
   "toStn": "DELHI",
   "toStnCode": "DLI",
   "depAtFromStn": "13:10",
   "arrAtToStn": "12:05",
   "travelTime": "22:55",
   "trainType": "SUF",
   "AC1Tier": 4760,
   "AC2Tier": 2780,
   "sleeperClass": 660
 },
 {
   "trainNo": 12381,
   "trainName": "POORVA EXPRESS",
   "runsFromStn": "WED,THU,SUN",
   "src": "HOWRAH JN",
   "srcCode": "HWH",
   "dstn": "NEW DELHI",
   "dstnCode": "NDLS",
   "fromStn": "HOWRAH JN",
   "fromStnCode": "HWH",
   "toStn": "NEW DELHI",
   "toStnCode": "NDLS",
   "depAtFromStn": "08:15",
   "arrAtToStn": "06:05",
   "travelTime": "21:50",
   "trainType": "SUF",
   "AC1Tier": 4760,
   "AC2Tier": 2780,
   "sleeperClass": 660
 },
 {
   "trainNo": 12432,
   "trainName": "NZM-TVC RAJDHANI EXP",
   "runsFromStn": "TUE,WED,SUN",
   "src": "HAZRAT NIZAMUDDIN",
   "srcCode": "NZM",
   "dstn": "THIRUVANANTHAPURAM CENTRAL",
   "dstnCode": "TVC",
   "fromStn": "HAZRAT NIZAMUDDIN",
   "fromStnCode": "NZM",
   "toStn": "VASAI ROAD",
   "toStnCode": "BSR",
   "depAtFromStn": "10:55",
   "arrAtToStn": "03:10",
   "travelTime": "16:15",
   "trainType": "RAJ",
   "AC1Tier": 4760,
   "AC2Tier": 2865,
   "sleeperClass": 660
 },
 {
   "trainNo": 12434,
   "trainName": "NZM-MAS RAJDHANI EXP",
   "runsFromStn": "WED,FRI",
   "src": "HAZRAT NIZAMUDDIN",
   "srcCode": "NZM",
   "dstn": "CHENNAI CENTRAL",
   "dstnCode": "MAS",
   "fromStn": "HAZRAT NIZAMUDDIN",
   "fromStnCode": "NZM",
   "toStn": "CHENNAI CENTRAL",
   "toStnCode": "MAS",
   "depAtFromStn": "15:55",
   "arrAtToStn": "20:15",
   "travelTime": "28:20:00",
   "trainType": "RAJ",
   "AC1Tier": 4760,
   "AC2Tier": 2780,
   "sleeperClass": 660
 },
 {
   "trainNo": 12438,
   "trainName": "NZM SC RAJDHANI EXPRESS",
   "runsFromStn": "SUN",
   "src": "HAZRAT NIZAMUDDIN",
   "srcCode": "NZM",
   "dstn": "SECUNDERABAD JN",
   "dstnCode": "SC",
   "fromStn": "HAZRAT NIZAMUDDIN",
   "fromStnCode": "NZM",
   "toStn": "SECUNDERABAD JN",
   "toStnCode": "SC",
   "depAtFromStn": "15:55",
   "arrAtToStn": "14:00",
   "travelTime": "22:05",
   "trainType": "RAJ",
   "AC1Tier": 4760,
   "AC2Tier": 2780,
   "sleeperClass": 660
 },
 {
   "trainNo": 12450,
   "trainName": "GOA SMPRK KRANTI EXP",
   "runsFromStn": "MON,SAT",
   "src": "CHANDIGARH",
   "srcCode": "CDG",
   "dstn": "MADGAON",
   "dstnCode": "MAO",
   "fromStn": "NEW DELHI",
   "fromStnCode": "NDLS",
   "toStn": "VASAI ROAD",
   "toStnCode": "BSR",
   "depAtFromStn": "06:15",
   "arrAtToStn": "03:35",
   "travelTime": "21:20",
   "trainType": "SUF",
   "AC1Tier": 4760,
   "AC2Tier": 2865,
   "sleeperClass": 660
 },
 {
   "trainNo": 12472,
   "trainName": "SWARAJ EXPRESS",
   "runsFromStn": "TUE,WED,FRI,SAT",
   "src": "SH MATA V DEVI KATRA",
   "srcCode": "SVDK",
   "dstn": "BANDRA TERMINUS",
   "dstnCode": "BDTS",
   "fromStn": "NEW DELHI",
   "fromStnCode": "NDLS",
   "toStn": "BORIVALI",
   "toStnCode": "BVI",
   "depAtFromStn": "21:50",
   "arrAtToStn": "17:15",
   "travelTime": "19:25",
   "trainType": "SUF",
   "AC1Tier": 4760,
   "AC2Tier": 2865,
   "sleeperClass": 660
 },
 {
   "trainNo": 12484,
   "trainName": "KCVL EXPRESS",
   "runsFromStn": "SUN",
   "src": "AMRITSAR JN",
   "srcCode": "ASR",
   "dstn": "KOCHUVELI",
   "dstnCode": "KCVL",
   "fromStn": "NEW DELHI",
   "fromStnCode": "NDLS",
   "toStn": "VASAI ROAD",
   "toStnCode": "BSR",
   "depAtFromStn": "13:40",
   "arrAtToStn": "10:50",
   "travelTime": "21:10",
   "trainType": "SUF",
   "AC1Tier": 4760,
   "AC2Tier": 2865,
   "sleeperClass": 660
 },
 {
   "trainNo": 12494,
   "trainName": "NZM-PUNE AC EXP SPL",
   "runsFromStn": "FRI",
   "src": "HAZRAT NIZAMUDDIN",
   "srcCode": "NZM",
   "dstn": "PUNE JN",
   "dstnCode": "PUNE",
   "fromStn": "HAZRAT NIZAMUDDIN",
   "fromStnCode": "NZM",
   "toStn": "VASAI ROAD",
   "toStnCode": "BSR",
   "depAtFromStn": "21:35",
   "arrAtToStn": "16:25",
   "travelTime": "18:50",
   "trainType": "MEX",
   "AC1Tier": 4760,
   "AC2Tier": 2865,
   "sleeperClass": 660
 },
 {
   "trainNo": 12504,
   "trainName": "AGTL - BNC HUMSAFAR",
   "runsFromStn": "WED",
   "src": "AGARTALA",
   "srcCode": "AGTL",
   "dstn": "BANGALORE CANT",
   "dstnCode": "BNC",
   "fromStn": "HOWRAH JN",
   "fromStnCode": "HWH",
   "toStn": "WHITEFIELD",
   "toStnCode": "WFD",
   "depAtFromStn": "12:40",
   "arrAtToStn": "19:58",
   "travelTime": "31:18:00",
   "trainType": "SUF",
   "AC1Tier": 4040,
   "AC2Tier": 2350,
   "sleeperClass": 595
 },
 {
   "trainNo": 12508,
   "trainName": "SCL - TVC EXPRESS",
   "runsFromStn": "SAT",
   "src": "SILCHAR",
   "srcCode": "SCL",
   "dstn": "THIRUVANANTHAPURAM CENTRAL",
   "dstnCode": "TVC",
   "fromStn": "HOWRAH JN",
   "fromStnCode": "HWH",
   "toStn": "CHENNAI CENTRAL",
   "toStnCode": "MAS",
   "depAtFromStn": "01:05",
   "arrAtToStn": "04:30",
   "travelTime": "27:25:00",
   "trainType": "SUF",
   "AC1Tier": 4760,
   "AC2Tier": 2780,
   "sleeperClass": 660
 },
 {
   "trainNo": 12510,
   "trainName": "GHY-SBC EXP",
   "runsFromStn": "TUE,WED,MON",
   "src": "GUWAHATI",
   "srcCode": "GHY",
   "dstn": "BANGALORE CANT",
   "dstnCode": "BNC",
   "fromStn": "HOWRAH JN",
   "fromStnCode": "HWH",
   "toStn": "BANGALORE CANT",
   "toStnCode": "BNC",
   "depAtFromStn": "01:05",
   "arrAtToStn": "11:40",
   "travelTime": "34:35:00",
   "trainType": "SUF",
   "AC1Tier": 4040,
   "AC2Tier": 2350,
   "sleeperClass": 595
 },
 {
   "trainNo": 12514,
   "trainName": "GHY - SC EXPRESS",
   "runsFromStn": "FRI",
   "src": "GUWAHATI",
   "srcCode": "GHY",
   "dstn": "SECUNDERABAD JN",
   "dstnCode": "SC",
   "fromStn": "HOWRAH JN",
   "fromStnCode": "HWH",
   "toStn": "SECUNDERABAD JN",
   "toStnCode": "SC",
   "depAtFromStn": "01:05",
   "arrAtToStn": "04:00",
   "travelTime": "26:55:00",
   "trainType": "SUF",
   "AC1Tier": 4760,
   "AC2Tier": 2780,
   "sleeperClass": 660
 },
 {
   "trainNo": 12552,
   "trainName": "KYQ - YPR AC EXPRESS",
   "runsFromStn": "FRI",
   "src": "KAMAKHYA",
   "srcCode": "KYQ",
   "dstn": "YASVANTPUR JN",
   "dstnCode": "YPR",
   "fromStn": "CHENNAI CENTRAL",
   "fromStnCode": "MAS",
   "toStn": "YASVANTPUR JN",
   "toStnCode": "YPR",
   "depAtFromStn": "11:40",
   "arrAtToStn": "18:25",
   "travelTime": "06:45",
   "trainType": "SUF",
   "AC1Tier": 4040,
   "AC2Tier": 2350,
   "sleeperClass": 595
 },
 {
   "trainNo": 12577,
   "trainName": "BAGMATI EXP",
   "runsFromStn": "THU",
   "src": "DARBHANGA JN",
   "srcCode": "DBG",
   "dstn": "MYSORE JN",
   "dstnCode": "MYS",
   "fromStn": "CHENNAI CENTRAL",
   "fromStnCode": "MAS",
   "toStn": "KSR BENGALURU",
   "toStnCode": "SBC",
   "depAtFromStn": "14:45",
   "arrAtToStn": "20:40",
   "travelTime": "05:55",
   "trainType": "SUF",
   "AC1Tier": 4040,
   "AC2Tier": 2350,
   "sleeperClass": 595
 },
 {
   "trainNo": 12591,
   "trainName": "GKP-YPR EXP",
   "runsFromStn": "SUN",
   "src": "GORAKHPUR",
   "srcCode": "GKP",
   "dstn": "YASVANTPUR JN",
   "dstnCode": "YPR",
   "fromStn": "SECUNDERABAD JN",
   "fromStnCode": "SC",
   "toStn": "YASVANTPUR JN",
   "toStnCode": "YPR",
   "depAtFromStn": "15:20",
   "arrAtToStn": "04:20",
   "travelTime": "13:00",
   "trainType": "SUF",
   "AC1Tier": 4040,
   "AC2Tier": 2350,
   "sleeperClass": 595
 },
 {
   "trainNo": 12603,
   "trainName": "HYDERABAD EXP",
   "runsFromStn": "DAILY",
   "src": "CHENNAI CENTRAL",
   "srcCode": "MAS",
   "dstn": "HYDERABAD DECAN",
   "dstnCode": "HYB",
   "fromStn": "CHENNAI CENTRAL",
   "fromStnCode": "MAS",
   "toStn": "HYDERABAD DECAN",
   "toStnCode": "HYB",
   "depAtFromStn": "16:45",
   "arrAtToStn": "05:45",
   "travelTime": "13:00",
   "trainType": "SUF",
   "AC1Tier": 4760,
   "AC2Tier": 2780,
   "sleeperClass": 660
 },
 {
   "trainNo": 12607,
   "trainName": "MAS-SBC LALBAGH EXP",
   "runsFromStn": "DAILY",
   "src": "CHENNAI CENTRAL",
   "srcCode": "MAS",
   "dstn": "KSR BENGALURU",
   "dstnCode": "SBC",
   "fromStn": "CHENNAI CENTRAL",
   "fromStnCode": "MAS",
   "toStn": "KSR BENGALURU",
   "toStnCode": "SBC",
   "depAtFromStn": "15:35",
   "arrAtToStn": "21:35",
   "travelTime": "06:00",
   "trainType": "SUF",
   "AC1Tier": 4040,
   "AC2Tier": 2350,
   "sleeperClass": 595
 },
 {
   "trainNo": 12609,
   "trainName": "MAS-SBC EXP",
   "runsFromStn": "DAILY",
   "src": "CHENNAI CENTRAL",
   "srcCode": "MAS",
   "dstn": "KSR BENGALURU",
   "dstnCode": "SBC",
   "fromStn": "CHENNAI CENTRAL",
   "fromStnCode": "MAS",
   "toStn": "KSR BENGALURU",
   "toStnCode": "SBC",
   "depAtFromStn": "13:35",
   "arrAtToStn": "20:05",
   "travelTime": "06:30",
   "trainType": "SUF",
   "AC1Tier": 4040,
   "AC2Tier": 2350,
   "sleeperClass": 595
 },
 {
   "trainNo": 12612,
   "trainName": "NZM-MAS GARIB RATH EXP",
   "runsFromStn": "MON",
   "src": "HAZRAT NIZAMUDDIN",
   "srcCode": "NZM",
   "dstn": "CHENNAI CENTRAL",
   "dstnCode": "MAS",
   "fromStn": "HAZRAT NIZAMUDDIN",
   "fromStnCode": "NZM",
   "toStn": "CHENNAI CENTRAL",
   "toStnCode": "MAS",
   "depAtFromStn": "15:55",
   "arrAtToStn": "20:15",
   "travelTime": "28:20:00",
   "trainType": "GBR",
   "AC1Tier": 4760,
   "AC2Tier": 2780,
   "sleeperClass": 660
 },
 {
   "trainNo": 12616,
   "trainName": "G T EXPRESS",
   "runsFromStn": "DAILY",
   "src": "DELHI SARAI ROHILLA",
   "srcCode": "DEE",
   "dstn": "CHENNAI CENTRAL",
   "dstnCode": "MAS",
   "fromStn": "NEW DELHI",
   "fromStnCode": "NDLS",
   "toStn": "CHENNAI CENTRAL",
   "toStnCode": "MAS",
   "depAtFromStn": "18:40",
   "arrAtToStn": "06:20",
   "travelTime": "35:40:00",
   "trainType": "SUF",
   "AC1Tier": 4760,
   "AC2Tier": 2780,
   "sleeperClass": 660
 },
 {
   "trainNo": 12618,
   "trainName": "MNGLA LKSDP EXP",
   "runsFromStn": "DAILY",
   "src": "HAZRAT NIZAMUDDIN",
   "srcCode": "NZM",
   "dstn": "ERNAKULAM JN",
   "dstnCode": "ERS",
   "fromStn": "HAZRAT NIZAMUDDIN",
   "fromStnCode": "NZM",
   "toStn": "KALYAN JN",
   "toStnCode": "KYN",
   "depAtFromStn": "09:15",
   "arrAtToStn": "08:32",
   "travelTime": "23:17",
   "trainType": "SUF",
   "AC1Tier": 4760,
   "AC2Tier": 2865,
   "sleeperClass": 660
 },
 {
   "trainNo": 12622,
   "trainName": "NDLS-MAS TAMIL NADU EXP",
   "runsFromStn": "DAILY",
   "src": "NEW DELHI",
   "srcCode": "NDLS",
   "dstn": "CHENNAI CENTRAL",
   "dstnCode": "MAS",
   "fromStn": "NEW DELHI",
   "fromStnCode": "NDLS",
   "toStn": "CHENNAI CENTRAL",
   "toStnCode": "MAS",
   "depAtFromStn": "22:30",
   "arrAtToStn": "07:10",
   "travelTime": "32:40:00",
   "trainType": "SUF",
   "AC1Tier": 4760,
   "AC2Tier": 2780,
   "sleeperClass": 660
 },
 {
   "trainNo": 12628,
   "trainName": "NDLS-SBC KARNATAKA EXP",
   "runsFromStn": "DAILY",
   "src": "NEW DELHI",
   "srcCode": "NDLS",
   "dstn": "KSR BENGALURU",
   "dstnCode": "SBC",
   "fromStn": "NEW DELHI",
   "fromStnCode": "NDLS",
   "toStn": "KSR BENGALURU",
   "toStnCode": "SBC",
   "depAtFromStn": "21:15",
   "arrAtToStn": "13:40",
   "travelTime": "40:25:00",
   "trainType": "SUF",
   "AC1Tier": 4040,
   "AC2Tier": 2350,
   "sleeperClass": 595
 },
 {
   "trainNo": 12630,
   "trainName": "SAMPARKRANTHI-EXPRESS",
   "runsFromStn": "WED,FRI",
   "src": "HAZRAT NIZAMUDDIN",
   "srcCode": "NZM",
   "dstn": "YASVANTPUR JN",
   "dstnCode": "YPR",
   "fromStn": "HAZRAT NIZAMUDDIN",
   "fromStnCode": "NZM",
   "toStn": "YASVANTPUR JN",
   "toStnCode": "YPR",
   "depAtFromStn": "08:45",
   "arrAtToStn": "06:20",
   "travelTime": "45:35:00",
   "trainType": "SUF",
   "AC1Tier": 4040,
   "AC2Tier": 2350,
   "sleeperClass": 595
 },
 {
   "trainNo": 12639,
   "trainName": "MAS-SBC BRINDAVAN EXP",
   "runsFromStn": "DAILY",
   "src": "CHENNAI CENTRAL",
   "srcCode": "MAS",
   "dstn": "KSR BENGALURU",
   "dstnCode": "SBC",
   "fromStn": "CHENNAI CENTRAL",
   "fromStnCode": "MAS",
   "toStn": "KSR BENGALURU",
   "toStnCode": "SBC",
   "depAtFromStn": "07:50",
   "arrAtToStn": "14:00",
   "travelTime": "06:10",
   "trainType": "SUF",
   "AC1Tier": 4040,
   "AC2Tier": 2350,
   "sleeperClass": 595
 },
 {
   "trainNo": 12642,
   "trainName": "NZM-CAPE THIRUKKURAL EXP",
   "runsFromStn": "MON,SAT",
   "src": "HAZRAT NIZAMUDDIN",
   "srcCode": "NZM",
   "dstn": "KANYAKUMARI",
   "dstnCode": "CAPE",
   "fromStn": "HAZRAT NIZAMUDDIN",
   "fromStnCode": "NZM",
   "toStn": "CHENNAI EGMORE",
   "toStnCode": "MS",
   "depAtFromStn": "07:10",
   "arrAtToStn": "18:05",
   "travelTime": "34:55:00",
   "trainType": "SUF",
   "AC1Tier": 4760,
   "AC2Tier": 2780,
   "sleeperClass": 660
 },
 {
   "trainNo": 12648,
   "trainName": "KONGU EXPRESS",
   "runsFromStn": "WED",
   "src": "HAZRAT NIZAMUDDIN",
   "srcCode": "NZM",
   "dstn": "COIMBATORE JN",
   "dstnCode": "CBE",
   "fromStn": "HAZRAT NIZAMUDDIN",
   "fromStnCode": "NZM",
   "toStn": "KACHEGUDA",
   "toStnCode": "KCG",
   "depAtFromStn": "08:35",
   "arrAtToStn": "12:20",
   "travelTime": "27:45:00",
   "trainType": "SUF",
   "AC1Tier": 4760,
   "AC2Tier": 2780,
   "sleeperClass": 660
 },
 {
   "trainNo": 12648,
   "trainName": "KONGU EXPRESS",
   "runsFromStn": "THU",
   "src": "HAZRAT NIZAMUDDIN",
   "srcCode": "NZM",
   "dstn": "COIMBATORE JN",
   "dstnCode": "CBE",
   "fromStn": "KACHEGUDA",
   "fromStnCode": "KCG",
   "toStn": "YASVANTPUR JN",
   "toStnCode": "YPR",
   "depAtFromStn": "12:30",
   "arrAtToStn": "00:30",
   "travelTime": "12:00",
   "trainType": "SUF",
   "AC1Tier": 4040,
   "AC2Tier": 2350,
   "sleeperClass": 595
 },
 {
   "trainNo": 12648,
   "trainName": "KONGU EXPRESS",
   "runsFromStn": "WED",
   "src": "HAZRAT NIZAMUDDIN",
   "srcCode": "NZM",
   "dstn": "COIMBATORE JN",
   "dstnCode": "CBE",
   "fromStn": "HAZRAT NIZAMUDDIN",
   "fromStnCode": "NZM",
   "toStn": "YASVANTPUR JN",
   "toStnCode": "YPR",
   "depAtFromStn": "08:35",
   "arrAtToStn": "00:30",
   "travelTime": "39:55:00",
   "trainType": "SUF",
   "AC1Tier": 4040,
   "AC2Tier": 2350,
   "sleeperClass": 595
 },
 {
   "trainNo": 12650,
   "trainName": "SAMPARKAKRANTHI-EXPRESS",
   "runsFromStn": "MON,TUE,THU,SAT,SUN",
   "src": "HAZRAT NIZAMUDDIN",
   "srcCode": "NZM",
   "dstn": "YASVANTPUR JN",
   "dstnCode": "YPR",
   "fromStn": "HAZRAT NIZAMUDDIN",
   "fromStnCode": "NZM",
   "toStn": "KACHEGUDA",
   "toStnCode": "KCG",
   "depAtFromStn": "06:25",
   "arrAtToStn": "07:05",
   "travelTime": "24:40:00",
   "trainType": "SUF",
   "AC1Tier": 4760,
   "AC2Tier": 2780,
   "sleeperClass": 660
 },
 {
   "trainNo": 12650,
   "trainName": "SAMPARKAKRANTHI-EXPRESS",
   "runsFromStn": "TUE,WED,FRI,SUN,MON",
   "src": "HAZRAT NIZAMUDDIN",
   "srcCode": "NZM",
   "dstn": "YASVANTPUR JN",
   "dstnCode": "YPR",
   "fromStn": "KACHEGUDA",
   "fromStnCode": "KCG",
   "toStn": "YASVANTPUR JN",
   "toStnCode": "YPR",
   "depAtFromStn": "07:15",
   "arrAtToStn": "19:35",
   "travelTime": "12:20",
   "trainType": "SUF",
   "AC1Tier": 4040,
   "AC2Tier": 2350,
   "sleeperClass": 595
 },
 {
   "trainNo": 12650,
   "trainName": "SAMPARKAKRANTHI-EXPRESS",
   "runsFromStn": "MON,TUE,THU,SAT,SUN",
   "src": "HAZRAT NIZAMUDDIN",
   "srcCode": "NZM",
   "dstn": "YASVANTPUR JN",
   "dstnCode": "YPR",
   "fromStn": "HAZRAT NIZAMUDDIN",
   "fromStnCode": "NZM",
   "toStn": "YASVANTPUR JN",
   "toStnCode": "YPR",
   "depAtFromStn": "06:25",
   "arrAtToStn": "19:35",
   "travelTime": "37:10:00",
   "trainType": "SUF",
   "AC1Tier": 4040,
   "AC2Tier": 2350,
   "sleeperClass": 595
 },
 {
   "trainNo": 12652,
   "trainName": "NZM-MDU EXP.",
   "runsFromStn": "TUE,THU",
   "src": "HAZRAT NIZAMUDDIN",
   "srcCode": "NZM",
   "dstn": "MADURAI JN",
   "dstnCode": "MDU",
   "fromStn": "HAZRAT NIZAMUDDIN",
   "fromStnCode": "NZM",
   "toStn": "CHENNAI EGMORE",
   "toStnCode": "MS",
   "depAtFromStn": "07:10",
   "arrAtToStn": "18:05",
   "travelTime": "34:55:00",
   "trainType": "SUF",
   "AC1Tier": 4760,
   "AC2Tier": 2780,
   "sleeperClass": 660
 },
 {
   "trainNo": 12657,
   "trainName": "MAS-SBC MAIL",
   "runsFromStn": "DAILY",
   "src": "CHENNAI CENTRAL",
   "srcCode": "MAS",
   "dstn": "KSR BENGALURU",
   "dstnCode": "SBC",
   "fromStn": "CHENNAI CENTRAL",
   "fromStnCode": "MAS",
   "toStn": "KSR BENGALURU",
   "toStnCode": "SBC",
   "depAtFromStn": "23:15",
   "arrAtToStn": "05:10",
   "travelTime": "05:55",
   "trainType": "SUF",
   "AC1Tier": 4040,
   "AC2Tier": 2350,
   "sleeperClass": 595
 },
 {
   "trainNo": 12663,
   "trainName": "HWH-TPJ EXPRESS",
   "runsFromStn": "THU,SUN",
   "src": "HOWRAH JN",
   "srcCode": "HWH",
   "dstn": "TIRUCHCHIRAPALI",
   "dstnCode": "TPJ",
   "fromStn": "HOWRAH JN",
   "fromStnCode": "HWH",
   "toStn": "CHENNAI EGMORE",
   "toStnCode": "MS",
   "depAtFromStn": "16:10",
   "arrAtToStn": "19:55",
   "travelTime": "27:45:00",
   "trainType": "SUF",
   "AC1Tier": 4760,
   "AC2Tier": 2780,
   "sleeperClass": 660
 },
 {
   "trainNo": 12665,
   "trainName": "HWH-CAPE EXP",
   "runsFromStn": "MON",
   "src": "HOWRAH JN",
   "srcCode": "HWH",
   "dstn": "KANYAKUMARI",
   "dstnCode": "CAPE",
   "fromStn": "HOWRAH JN",
   "fromStnCode": "HWH",
   "toStn": "CHENNAI EGMORE",
   "toStnCode": "MS",
   "depAtFromStn": "16:10",
   "arrAtToStn": "19:55",
   "travelTime": "27:45:00",
   "trainType": "SUF",
   "AC1Tier": 4760,
   "AC2Tier": 2780,
   "sleeperClass": 660
 },
 {
   "trainNo": 12688,
   "trainName": "DDN/CDG-MAS EXP.",
   "runsFromStn": "MON,FRI",
   "src": "DEHRADUN",
   "srcCode": "DDN",
   "dstn": "MADURAI JN",
   "dstnCode": "MDU",
   "fromStn": "HAZRAT NIZAMUDDIN",
   "fromStnCode": "NZM",
   "toStn": "CHENNAI CENTRAL",
   "toStnCode": "MAS",
   "depAtFromStn": "14:30",
   "arrAtToStn": "02:10",
   "travelTime": "35:40:00",
   "trainType": "SUF",
   "AC1Tier": 4760,
   "AC2Tier": 2780,
   "sleeperClass": 660
 },
 {
   "trainNo": 12691,
   "trainName": "MAS-SSPN EXP",
   "runsFromStn": "FRI",
   "src": "CHENNAI CENTRAL",
   "srcCode": "MAS",
   "dstn": "SAI P NILAYAM",
   "dstnCode": "SSPN",
   "fromStn": "CHENNAI CENTRAL",
   "fromStnCode": "MAS",
   "toStn": "KSR BENGALURU",
   "toStnCode": "SBC",
   "depAtFromStn": "23:30",
   "arrAtToStn": "05:25",
   "travelTime": "05:55",
   "trainType": "SUF",
   "AC1Tier": 4040,
   "AC2Tier": 2350,
   "sleeperClass": 595
 },
 {
   "trainNo": 12701,
   "trainName": "CSMT-HYB HUSSAINSAGAR EXP",
   "runsFromStn": "DAILY",
   "src": "C SHIVAJI MAHARAJ T",
   "srcCode": "CSMT",
   "dstn": "HYDERABAD DECAN",
   "dstnCode": "HYB",
   "fromStn": "C SHIVAJI MAHARAJ T",
   "fromStnCode": "CSMT",
   "toStn": "HYDERABAD DECAN",
   "toStnCode": "HYB",
   "depAtFromStn": "21:50",
   "arrAtToStn": "12:10",
   "travelTime": "14:20",
   "trainType": "SUF",
   "AC1Tier": 4760,
   "AC2Tier": 2780,
   "sleeperClass": 660
 },
 {
   "trainNo": 12703,
   "trainName": "HWH-SC FALAKNUMA EXP",
   "runsFromStn": "DAILY",
   "src": "HOWRAH JN",
   "srcCode": "HWH",
   "dstn": "SECUNDERABAD JN",
   "dstnCode": "SC",
   "fromStn": "HOWRAH JN",
   "fromStnCode": "HWH",
   "toStn": "SECUNDERABAD JN",
   "toStnCode": "SC",
   "depAtFromStn": "07:25",
   "arrAtToStn": "09:05",
   "travelTime": "25:40:00",
   "trainType": "SUF",
   "AC1Tier": 4760,
   "AC2Tier": 2780,
   "sleeperClass": 660
 },
 {
   "trainNo": 12708,
   "trainName": "AP SAMPARK KRANTHI",
   "runsFromStn": "WED,FRI,SUN",
   "src": "HAZRAT NIZAMUDDIN",
   "srcCode": "NZM",
   "dstn": "TIRUPATI",
   "dstnCode": "TPTY",
   "fromStn": "HAZRAT NIZAMUDDIN",
   "fromStnCode": "NZM",
   "toStn": "KACHEGUDA",
   "toStnCode": "KCG",
   "depAtFromStn": "07:10",
   "arrAtToStn": "09:50",
   "travelTime": "26:40:00",
   "trainType": "SUF",
   "AC1Tier": 4760,
   "AC2Tier": 2780,
   "sleeperClass": 660
 },
 {
   "trainNo": 12722,
   "trainName": "NZM-HYB DAKSHIN EXP",
   "runsFromStn": "DAILY",
   "src": "HAZRAT NIZAMUDDIN",
   "srcCode": "NZM",
   "dstn": "HYDERABAD DECAN",
   "dstnCode": "HYB",
   "fromStn": "HAZRAT NIZAMUDDIN",
   "fromStnCode": "NZM",
   "toStn": "HYDERABAD DECAN",
   "toStnCode": "HYB",
   "depAtFromStn": "23:00",
   "arrAtToStn": "05:00",
   "travelTime": "30:00:00",
   "trainType": "SUF",
   "AC1Tier": 4760,
   "AC2Tier": 2780,
   "sleeperClass": 660
 },
 {
   "trainNo": 12724,
   "trainName": "TELANGANA EXPRESS",
   "runsFromStn": "DAILY",
   "src": "NEW DELHI",
   "srcCode": "NDLS",
   "dstn": "HYDERABAD DECAN",
   "dstnCode": "HYB",
   "fromStn": "NEW DELHI",
   "fromStnCode": "NDLS",
   "toStn": "HYDERABAD DECAN",
   "toStnCode": "HYB",
   "depAtFromStn": "17:25",
   "arrAtToStn": "19:35",
   "travelTime": "26:10:00",
   "trainType": "SUF",
   "AC1Tier": 4760,
   "AC2Tier": 2780,
   "sleeperClass": 660
 },
 {
   "trainNo": 12735,
   "trainName": "SC-YPR GARIB RATH EXP",
   "runsFromStn": "WED,FRI,SUN",
   "src": "SECUNDERABAD JN",
   "srcCode": "SC",
   "dstn": "YASVANTPUR JN",
   "dstnCode": "YPR",
   "fromStn": "SECUNDERABAD JN",
   "fromStnCode": "SC",
   "toStn": "YASVANTPUR JN",
   "toStnCode": "YPR",
   "depAtFromStn": "20:30",
   "arrAtToStn": "08:20",
   "travelTime": "11:50",
   "trainType": "GBR",
   "AC1Tier": 4040,
   "AC2Tier": 2350,
   "sleeperClass": 595
 },
 {
   "trainNo": 12759,
   "trainName": "MAS-HYB CHARMINAR EXP",
   "runsFromStn": "DAILY",
   "src": "CHENNAI CENTRAL",
   "srcCode": "MAS",
   "dstn": "HYDERABAD DECAN",
   "dstnCode": "HYB",
   "fromStn": "CHENNAI CENTRAL",
   "fromStnCode": "MAS",
   "toStn": "HYDERABAD DECAN",
   "toStnCode": "HYB",
   "depAtFromStn": "18:10",
   "arrAtToStn": "08:00",
   "travelTime": "13:50",
   "trainType": "SUF",
   "AC1Tier": 4760,
   "AC2Tier": 2780,
   "sleeperClass": 660
 },
 {
   "trainNo": 12773,
   "trainName": "SHM-SC AC EXPRESS",
   "runsFromStn": "WED",
   "src": "SHALIMAR",
   "srcCode": "SHM",
   "dstn": "SECUNDERABAD JN",
   "dstnCode": "SC",
   "fromStn": "SHALIMAR",
   "fromStnCode": "SHM",
   "toStn": "SECUNDERABAD JN",
   "toStnCode": "SC",
   "depAtFromStn": "16:05",
   "arrAtToStn": "18:30",
   "travelTime": "26:25:00",
   "trainType": "SUF",
   "AC1Tier": 4760,
   "AC2Tier": 2780,
   "sleeperClass": 660
 },
 {
   "trainNo": 12785,
   "trainName": "KCG-SBC EXP",
   "runsFromStn": "DAILY",
   "src": "KACHEGUDA",
   "srcCode": "KCG",
   "dstn": "KSR BENGALURU",
   "dstnCode": "SBC",
   "fromStn": "KACHEGUDA",
   "fromStnCode": "KCG",
   "toStn": "KSR BENGALURU",
   "toStnCode": "SBC",
   "depAtFromStn": "19:05",
   "arrAtToStn": "06:25",
   "travelTime": "11:20",
   "trainType": "SUF",
   "AC1Tier": 4040,
   "AC2Tier": 2350,
   "sleeperClass": 595
 },
 {
   "trainNo": 12810,
   "trainName": "HWH CSMT MAIL",
   "runsFromStn": "DAILY",
   "src": "HOWRAH JN",
   "srcCode": "HWH",
   "dstn": "C SHIVAJI MAHARAJ T",
   "dstnCode": "CSMT",
   "fromStn": "HOWRAH JN",
   "fromStnCode": "HWH",
   "toStn": "KALYAN JN",
   "toStnCode": "KYN",
   "depAtFromStn": "20:15",
   "arrAtToStn": "04:07",
   "travelTime": "31:52:00",
   "trainType": "SUF",
   "AC1Tier": 4920,
   "AC2Tier": 2855,
   "sleeperClass": 740
 },
 {
   "trainNo": 12839,
   "trainName": "HWH-MAS MAIL",
   "runsFromStn": "DAILY",
   "src": "HOWRAH JN",
   "srcCode": "HWH",
   "dstn": "CHENNAI CENTRAL",
   "dstnCode": "MAS",
   "fromStn": "HOWRAH JN",
   "fromStnCode": "HWH",
   "toStn": "CHENNAI CENTRAL",
   "toStnCode": "MAS",
   "depAtFromStn": "23:45",
   "arrAtToStn": "03:50",
   "travelTime": "28:05:00",
   "trainType": "SUF",
   "AC1Tier": 4760,
   "AC2Tier": 2780,
   "sleeperClass": 660
 },
 {
   "trainNo": 12841,
   "trainName": "HOWRAH-CHENNAI COROMANDAL",
   "runsFromStn": "DAILY",
   "src": "HOWRAH JN",
   "srcCode": "HWH",
   "dstn": "CHENNAI CENTRAL",
   "dstnCode": "MAS",
   "fromStn": "HOWRAH JN",
   "fromStnCode": "HWH",
   "toStn": "CHENNAI CENTRAL",
   "toStnCode": "MAS",
   "depAtFromStn": "14:50",
   "arrAtToStn": "17:00",
   "travelTime": "26:10:00",
   "trainType": "SUF",
   "AC1Tier": 4760,
   "AC2Tier": 2780,
   "sleeperClass": 660
 },
 {
   "trainNo": 12860,
   "trainName": "HWH-CSMT GEETANJALI EXPR",
   "runsFromStn": "DAILY",
   "src": "HOWRAH JN",
   "srcCode": "HWH",
   "dstn": "C SHIVAJI MAHARAJ T",
   "dstnCode": "CSMT",
   "fromStn": "HOWRAH JN",
   "fromStnCode": "HWH",
   "toStn": "KALYAN JN",
   "toStnCode": "KYN",
   "depAtFromStn": "13:50",
   "arrAtToStn": "20:02",
   "travelTime": "30:12:00",
   "trainType": "SUF",
   "AC1Tier": 4920,
   "AC2Tier": 2855,
   "sleeperClass": 740
 },
 {
   "trainNo": 12863,
   "trainName": "HOWRAH YESVANTPUR EXPRESS",
   "runsFromStn": "DAILY",
   "src": "HOWRAH JN",
   "srcCode": "HWH",
   "dstn": "YASVANTPUR JN",
   "dstnCode": "YPR",
   "fromStn": "HOWRAH JN",
   "fromStnCode": "HWH",
   "toStn": "YASVANTPUR JN",
   "toStnCode": "YPR",
   "depAtFromStn": "20:35",
   "arrAtToStn": "07:15",
   "travelTime": "34:40:00",
   "trainType": "SUF",
   "AC1Tier": 4040,
   "AC2Tier": 2350,
   "sleeperClass": 595
 },
 {
   "trainNo": 12870,
   "trainName": "HWH-CSMT WEEKLY EXPRESS",
   "runsFromStn": "FRI",
   "src": "HOWRAH JN",
   "srcCode": "HWH",
   "dstn": "C SHIVAJI MAHARAJ T",
   "dstnCode": "CSMT",
   "fromStn": "HOWRAH JN",
   "fromStnCode": "HWH",
   "toStn": "KALYAN JN",
   "toStnCode": "KYN",
   "depAtFromStn": "14:35",
   "arrAtToStn": "22:02",
   "travelTime": "31:27:00",
   "trainType": "SUF",
   "AC1Tier": 4920,
   "AC2Tier": 2855,
   "sleeperClass": 740
 },
 {
   "trainNo": 12904,
   "trainName": "GOLDN TEMPLE ML",
   "runsFromStn": "DAILY",
   "src": "AMRITSAR JN",
   "srcCode": "ASR",
   "dstn": "MUMBAI CENTRAL",
   "dstnCode": "MMCT",
   "fromStn": "HAZRAT NIZAMUDDIN",
   "fromStnCode": "NZM",
   "toStn": "BORIVALI",
   "toStnCode": "BVI",
   "depAtFromStn": "07:20",
   "arrAtToStn": "04:00",
   "travelTime": "20:40",
   "trainType": "SUF",
   "AC1Tier": 4760,
   "AC2Tier": 2865,
   "sleeperClass": 660
 },
 {
   "trainNo": 12908,
   "trainName": "MHRST SMPRK K EX",
   "runsFromStn": "MON,THU",
   "src": "HAZRAT NIZAMUDDIN",
   "srcCode": "NZM",
   "dstn": "BANDRA TERMINUS",
   "dstnCode": "BDTS",
   "fromStn": "HAZRAT NIZAMUDDIN",
   "fromStnCode": "NZM",
   "toStn": "BORIVALI",
   "toStnCode": "BVI",
   "depAtFromStn": "21:35",
   "arrAtToStn": "15:47",
   "travelTime": "18:12",
   "trainType": "SUF",
   "AC1Tier": 4760,
   "AC2Tier": 2865,
   "sleeperClass": 660
 },
 {
   "trainNo": 12910,
   "trainName": "BDTS GARIB RATH",
   "runsFromStn": "WED,FRI,SUN",
   "src": "HAZRAT NIZAMUDDIN",
   "srcCode": "NZM",
   "dstn": "BANDRA TERMINUS",
   "dstnCode": "BDTS",
   "fromStn": "HAZRAT NIZAMUDDIN",
   "fromStnCode": "NZM",
   "toStn": "BORIVALI",
   "toStnCode": "BVI",
   "depAtFromStn": "15:35",
   "arrAtToStn": "07:16",
   "travelTime": "15:41",
   "trainType": "GBR",
   "AC1Tier": 4760,
   "AC2Tier": 2865,
   "sleeperClass": 660
 },
 {
   "trainNo": 12926,
   "trainName": "PASCHIM EXPRESS",
   "runsFromStn": "DAILY",
   "src": "AMRITSAR JN",
   "srcCode": "ASR",
   "dstn": "BANDRA TERMINUS",
   "dstnCode": "BDTS",
   "fromStn": "NEW DELHI",
   "fromStnCode": "NDLS",
   "toStn": "BORIVALI",
   "toStnCode": "BVI",
   "depAtFromStn": "16:45",
   "arrAtToStn": "13:54",
   "travelTime": "21:09",
   "trainType": "SUF",
   "AC1Tier": 4760,
   "AC2Tier": 2865,
   "sleeperClass": 660
 },
 {
   "trainNo": 12952,
   "trainName": "MUMBAI RAJDHANI",
   "runsFromStn": "DAILY",
   "src": "NEW DELHI",
   "srcCode": "NDLS",
   "dstn": "MUMBAI CENTRAL",
   "dstnCode": "MMCT",
   "fromStn": "NEW DELHI",
   "fromStnCode": "NDLS",
   "toStn": "BORIVALI",
   "toStnCode": "BVI",
   "depAtFromStn": "16:25",
   "arrAtToStn": "07:27",
   "travelTime": "15:02",
   "trainType": "RAJ",
   "AC1Tier": 4760,
   "AC2Tier": 2865,
   "sleeperClass": 660
 },
 {
   "trainNo": 12954,
   "trainName": "AG KRANTI RJDHN",
   "runsFromStn": "DAILY",
   "src": "HAZRAT NIZAMUDDIN",
   "srcCode": "NZM",
   "dstn": "MUMBAI CENTRAL",
   "dstnCode": "MMCT",
   "fromStn": "HAZRAT NIZAMUDDIN",
   "fromStnCode": "NZM",
   "toStn": "BORIVALI",
   "toStnCode": "BVI",
   "depAtFromStn": "16:50",
   "arrAtToStn": "08:54",
   "travelTime": "16:04",
   "trainType": "RAJ",
   "AC1Tier": 4760,
   "AC2Tier": 2865,
   "sleeperClass": 660
 },
 {
   "trainNo": 12976,
   "trainName": "JP MYS SF EXP",
   "runsFromStn": "TUE,THU",
   "src": "JAIPUR",
   "srcCode": "JP",
   "dstn": "MYSORE JN",
   "dstnCode": "MYS",
   "fromStn": "KACHEGUDA",
   "fromStnCode": "KCG",
   "toStn": "KSR BENGALURU",
   "toStnCode": "SBC",
   "depAtFromStn": "23:50",
   "arrAtToStn": "12:50",
   "travelTime": "13:00",
   "trainType": "SUF",
   "AC1Tier": 4040,
   "AC2Tier": 2350,
   "sleeperClass": 595
 },
 {
   "trainNo": 13007,
   "trainName": "U ABHATOOFAN EXP",
   "runsFromStn": "DAILY",
   "src": "HOWRAH JN",
   "srcCode": "HWH",
   "dstn": "SHRI GANGANAGAR",
   "dstnCode": "SGNR",
   "fromStn": "HOWRAH JN",
   "fromStnCode": "HWH",
   "toStn": "NEW DELHI",
   "toStnCode": "NDLS",
   "depAtFromStn": "09:35",
   "arrAtToStn": "19:40",
   "travelTime": "34:05:00",
   "trainType": "MEX",
   "AC1Tier": 4760,
   "AC2Tier": 2780,
   "sleeperClass": 660
 },
 {
   "trainNo": 13119,
   "trainName": "SDAH DLI EXP",
   "runsFromStn": "THU,SUN",
   "src": "SEALDAH",
   "srcCode": "SDAH",
   "dstn": "ANAND VIHAR TERMINAL",
   "dstnCode": "ANVT",
   "fromStn": "SEALDAH",
   "fromStnCode": "SDAH",
   "toStn": "ANAND VIHAR TERMINAL",
   "toStnCode": "ANVT",
   "depAtFromStn": "21:15",
   "arrAtToStn": "11:40",
   "travelTime": "38:25:00",
   "trainType": "MEX",
   "AC1Tier": 4760,
   "AC2Tier": 2780,
   "sleeperClass": 660
 },
 {
   "trainNo": 14806,
   "trainName": "BME YPR AC EXP",
   "runsFromStn": "FRI",
   "src": "BARMER",
   "srcCode": "BME",
   "dstn": "YASVANTPUR JN",
   "dstnCode": "YPR",
   "fromStn": "VASAI ROAD",
   "fromStnCode": "BSR",
   "toStn": "YASVANTPUR JN",
   "toStnCode": "YPR",
   "depAtFromStn": "21:45",
   "arrAtToStn": "03:15",
   "travelTime": "29:30:00",
   "trainType": "MEX",
   "AC1Tier": 4040,
   "AC2Tier": 2350,
   "sleeperClass": 595
 },
 {
   "trainNo": 15015,
   "trainName": "GKP- YPR EXPRESS",
   "runsFromStn": "TUE",
   "src": "GORAKHPUR",
   "srcCode": "GKP",
   "dstn": "YASVANTPUR JN",
   "dstnCode": "YPR",
   "fromStn": "SECUNDERABAD JN",
   "fromStnCode": "SC",
   "toStn": "YASVANTPUR JN",
   "toStnCode": "YPR",
   "depAtFromStn": "15:20",
   "arrAtToStn": "09:45",
   "travelTime": "18:25",
   "trainType": "MEX",
   "AC1Tier": 4040,
   "AC2Tier": 2350,
   "sleeperClass": 595
 },
 {
   "trainNo": 15023,
   "trainName": "GKP-YPR-EXP",
   "runsFromStn": "WED",
   "src": "GORAKHPUR",
   "srcCode": "GKP",
   "dstn": "YASVANTPUR JN",
   "dstnCode": "YPR",
   "fromStn": "KACHEGUDA",
   "fromStnCode": "KCG",
   "toStn": "YASVANTPUR JN",
   "toStnCode": "YPR",
   "depAtFromStn": "22:30",
   "arrAtToStn": "11:15",
   "travelTime": "12:45",
   "trainType": "MEX",
   "AC1Tier": 4040,
   "AC2Tier": 2350,
   "sleeperClass": 595
 },
 {
   "trainNo": 15228,
   "trainName": "MUZAFFARPUR-YESVANTPUR EX",
   "runsFromStn": "MON",
   "src": "MUZAFFARPUR JN",
   "srcCode": "MFP",
   "dstn": "YASVANTPUR JN",
   "dstnCode": "YPR",
   "fromStn": "HOWRAH JN",
   "fromStnCode": "HWH",
   "toStn": "YASVANTPUR JN",
   "toStnCode": "YPR",
   "depAtFromStn": "23:15",
   "arrAtToStn": "11:50",
   "travelTime": "36:35:00",
   "trainType": "MEX",
   "AC1Tier": 4040,
   "AC2Tier": 2350,
   "sleeperClass": 595
 },
 {
   "trainNo": 16003,
   "trainName": "MAS-NSL WKLY EXP",
   "runsFromStn": "SUN",
   "src": "CHENNAI CENTRAL",
   "srcCode": "MAS",
   "dstn": "NAGARSOL",
   "dstnCode": "NSL",
   "fromStn": "CHENNAI CENTRAL",
   "fromStnCode": "MAS",
   "toStn": "KACHEGUDA",
   "toStnCode": "KCG",
   "depAtFromStn": "09:10",
   "arrAtToStn": "23:25",
   "travelTime": "14:15",
   "trainType": "MEX",
   "AC1Tier": 4760,
   "AC2Tier": 2780,
   "sleeperClass": 660
 },
 {
   "trainNo": 16021,
   "trainName": "KAVERI EXPRESS",
   "runsFromStn": "DAILY",
   "src": "CHENNAI CENTRAL",
   "srcCode": "MAS",
   "dstn": "MYSORE JN",
   "dstnCode": "MYS",
   "fromStn": "CHENNAI CENTRAL",
   "fromStnCode": "MAS",
   "toStn": "KSR BENGALURU",
   "toStnCode": "SBC",
   "depAtFromStn": "21:15",
   "arrAtToStn": "03:45",
   "travelTime": "06:30",
   "trainType": "MEX",
   "AC1Tier": 4040,
   "AC2Tier": 2350,
   "sleeperClass": 595
 },
 {
   "trainNo": 16032,
   "trainName": "SVDK-MAS ANDAMAN EXPRESS",
   "runsFromStn": "WED,SAT,SUN",
   "src": "SH MATA V DEVI KATRA",
   "srcCode": "SVDK",
   "dstn": "CHENNAI CENTRAL",
   "dstnCode": "MAS",
   "fromStn": "NEW DELHI",
   "fromStnCode": "NDLS",
   "toStn": "CHENNAI CENTRAL",
   "toStnCode": "MAS",
   "depAtFromStn": "14:15",
   "arrAtToStn": "10:20",
   "travelTime": "44:05:00",
   "trainType": "MEX",
   "AC1Tier": 4760,
   "AC2Tier": 2780,
   "sleeperClass": 660
 },
 {
   "trainNo": 16209,
   "trainName": "AII MYS EXPRESS",
   "runsFromStn": "FRI,SUN",
   "src": "AJMER",
   "srcCode": "AII",
   "dstn": "MYSORE JN",
   "dstnCode": "MYS",
   "fromStn": "VASAI ROAD",
   "fromStnCode": "BSR",
   "toStn": "KSR BENGALURU",
   "toStnCode": "SBC",
   "depAtFromStn": "23:45",
   "arrAtToStn": "03:15",
   "travelTime": "27:30:00",
   "trainType": "MEX",
   "AC1Tier": 4040,
   "AC2Tier": 2350,
   "sleeperClass": 595
 },
 {
   "trainNo": 16505,
   "trainName": "GIMB SBC EXPRES",
   "runsFromStn": "TUE",
   "src": "GANDHIDHAM BG",
   "srcCode": "GIMB",
   "dstn": "KSR BENGALURU",
   "dstnCode": "SBC",
   "fromStn": "VASAI ROAD",
   "fromStnCode": "BSR",
   "toStn": "KSR BENGALURU",
   "toStnCode": "SBC",
   "depAtFromStn": "23:45",
   "arrAtToStn": "03:15",
   "travelTime": "27:30:00",
   "trainType": "MEX",
   "AC1Tier": 4040,
   "AC2Tier": 2350,
   "sleeperClass": 595
 },
 {
   "trainNo": 16507,
   "trainName": "JU BANGLORE EXP",
   "runsFromStn": "THU,SAT",
   "src": "JODHPUR JN",
   "srcCode": "JU",
   "dstn": "KSR BENGALURU",
   "dstnCode": "SBC",
   "fromStn": "VASAI ROAD",
   "fromStnCode": "BSR",
   "toStn": "KSR BENGALURU",
   "toStnCode": "SBC",
   "depAtFromStn": "23:45",
   "arrAtToStn": "03:15",
   "travelTime": "27:30:00",
   "trainType": "MEX",
   "AC1Tier": 4040,
   "AC2Tier": 2350,
   "sleeperClass": 595
 },
 {
   "trainNo": 16531,
   "trainName": "GARIB NAWAJ EXP",
   "runsFromStn": "MON",
   "src": "AJMER",
   "srcCode": "AII",
   "dstn": "KSR BENGALURU",
   "dstnCode": "SBC",
   "fromStn": "VASAI ROAD",
   "fromStnCode": "BSR",
   "toStn": "KSR BENGALURU",
   "toStnCode": "SBC",
   "depAtFromStn": "23:45",
   "arrAtToStn": "04:45",
   "travelTime": "29:00:00",
   "trainType": "MEX",
   "AC1Tier": 4040,
   "AC2Tier": 2350,
   "sleeperClass": 595
 },
 {
   "trainNo": 16533,
   "trainName": "JU-YPR",
   "runsFromStn": "WED",
   "src": "BHAGAT KI KOTHI",
   "srcCode": "BGKT",
   "dstn": "KSR BENGALURU",
   "dstnCode": "SBC",
   "fromStn": "VASAI ROAD",
   "fromStnCode": "BSR",
   "toStn": "KSR BENGALURU",
   "toStnCode": "SBC",
   "depAtFromStn": "23:45",
   "arrAtToStn": "04:45",
   "travelTime": "29:00:00",
   "trainType": "MEX",
   "AC1Tier": 4040,
   "AC2Tier": 2350,
   "sleeperClass": 595
 },
 {
   "trainNo": 16570,
   "trainName": "KCG-YPR TRI WEEKLY EXP",
   "runsFromStn": "TUE,THU,SAT",
   "src": "KACHEGUDA",
   "srcCode": "KCG",
   "dstn": "YASVANTPUR JN",
   "dstnCode": "YPR",
   "fromStn": "KACHEGUDA",
   "fromStnCode": "KCG",
   "toStn": "YELAHANKA JN.",
   "toStnCode": "YNK",
   "depAtFromStn": "14:00",
   "arrAtToStn": "02:14",
   "travelTime": "12:14",
   "trainType": "MEX",
   "AC1Tier": 4040,
   "AC2Tier": 2350,
   "sleeperClass": 595
 },
 {
   "trainNo": 16588,
   "trainName": "BKN-YPR BI-WEEKLY EXP",
   "runsFromStn": "WED,MON",
   "src": "BIKANER JN",
   "srcCode": "BKN",
   "dstn": "YASVANTPUR JN",
   "dstnCode": "YPR",
   "fromStn": "VASAI ROAD",
   "fromStnCode": "BSR",
   "toStn": "YASVANTPUR JN",
   "toStnCode": "YPR",
   "depAtFromStn": "21:45",
   "arrAtToStn": "03:15",
   "travelTime": "29:30:00",
   "trainType": "MEX",
   "AC1Tier": 4040,
   "AC2Tier": 2350,
   "sleeperClass": 595
 },
 {
   "trainNo": 17017,
   "trainName": "RJT-SC RAJKOT EXP",
   "runsFromStn": "MON,WED,THU",
   "src": "RAJKOT JN",
   "srcCode": "RJT",
   "dstn": "SECUNDERABAD JN",
   "dstnCode": "SC",
   "fromStn": "VASAI ROAD",
   "fromStnCode": "BSR",
   "toStn": "BEGAMPET",
   "toStnCode": "BMT",
   "depAtFromStn": "18:30",
   "arrAtToStn": "09:25",
   "travelTime": "14:55",
   "trainType": "MEX",
   "AC1Tier": 4760,
   "AC2Tier": 2780,
   "sleeperClass": 660
 },
 {
   "trainNo": 17031,
   "trainName": "MUMBAI CSMT-HYB EXP",
   "runsFromStn": "DAILY",
   "src": "C SHIVAJI MAHARAJ T",
   "srcCode": "CSMT",
   "dstn": "HYDERABAD DECAN",
   "dstnCode": "HYB",
   "fromStn": "C SHIVAJI MAHARAJ T",
   "fromStnCode": "CSMT",
   "toStn": "HYDERABAD DECAN",
   "toStnCode": "HYB",
   "depAtFromStn": "12:45",
   "arrAtToStn": "05:55",
   "travelTime": "17:10",
   "trainType": "MEX",
   "AC1Tier": 4760,
   "AC2Tier": 2780,
   "sleeperClass": 660
 },
 {
   "trainNo": 17057,
   "trainName": "CSMT-SC DEVAGIRI EXP",
   "runsFromStn": "DAILY",
   "src": "C SHIVAJI MAHARAJ T",
   "srcCode": "CSMT",
   "dstn": "SECUNDERABAD JN",
   "dstnCode": "SC",
   "fromStn": "C SHIVAJI MAHARAJ T",
   "fromStnCode": "CSMT",
   "toStn": "SECUNDERABAD JN",
   "toStnCode": "SC",
   "depAtFromStn": "21:10",
   "arrAtToStn": "14:30",
   "travelTime": "17:20",
   "trainType": "MEX",
   "AC1Tier": 4760,
   "AC2Tier": 2780,
   "sleeperClass": 660
 },
 {
   "trainNo": 17203,
   "trainName": "BVC-CCT EXP",
   "runsFromStn": "SAT",
   "src": "BHAVNAGAR TRMUS",
   "srcCode": "BVC",
   "dstn": "KAKINADA PORT",
   "dstnCode": "COA",
   "fromStn": "VASAI ROAD",
   "fromStnCode": "BSR",
   "toStn": "SECUNDERABAD JN",
   "toStnCode": "SC",
   "depAtFromStn": "18:30",
   "arrAtToStn": "10:15",
   "travelTime": "15:45",
   "trainType": "MEX",
   "AC1Tier": 4760,
   "AC2Tier": 2780,
   "sleeperClass": 660
 },
 {
   "trainNo": 17222,
   "trainName": "LTT-COA EXP",
   "runsFromStn": "THU,SUN",
   "src": "LOKMANYATILAK",
   "srcCode": "LTT",
   "dstn": "KAKINADA PORT",
   "dstnCode": "COA",
   "fromStn": "LOKMANYATILAK",
   "fromStnCode": "LTT",
   "toStn": "SECUNDERABAD JN",
   "toStnCode": "SC",
   "depAtFromStn": "12:25",
   "arrAtToStn": "01:50",
   "travelTime": "13:25",
   "trainType": "MEX",
   "AC1Tier": 4760,
   "AC2Tier": 2780,
   "sleeperClass": 660
 },
 {
   "trainNo": 17311,
   "trainName": "CHENNAI- VASCO EXP",
   "runsFromStn": "FRI",
   "src": "CHENNAI CENTRAL",
   "srcCode": "MAS",
   "dstn": "VASCO DA GAMA",
   "dstnCode": "VSG",
   "fromStn": "CHENNAI CENTRAL",
   "fromStnCode": "MAS",
   "toStn": "YASVANTPUR JN",
   "toStnCode": "YPR",
   "depAtFromStn": "15:00",
   "arrAtToStn": "21:35",
   "travelTime": "06:35",
   "trainType": "MEX",
   "AC1Tier": 4040,
   "AC2Tier": 2350,
   "sleeperClass": 595
 },
 {
   "trainNo": 17603,
   "trainName": "KCG-YPR EXP",
   "runsFromStn": "DAILY",
   "src": "KACHEGUDA",
   "srcCode": "KCG",
   "dstn": "YASVANTPUR JN",
   "dstnCode": "YPR",
   "fromStn": "KACHEGUDA",
   "fromStnCode": "KCG",
   "toStn": "YELAHANKA JN.",
   "toStnCode": "YNK",
   "depAtFromStn": "21:05",
   "arrAtToStn": "09:43",
   "travelTime": "12:38",
   "trainType": "MEX",
   "AC1Tier": 4040,
   "AC2Tier": 2350,
   "sleeperClass": 595
 },
 {
   "trainNo": 17651,
   "trainName": "CGL-KCG EXP",
   "runsFromStn": "DAILY",
   "src": "CHENGALPATTU",
   "srcCode": "CGL",
   "dstn": "KACHEGUDA",
   "dstnCode": "KCG",
   "fromStn": "TAMBARAM",
   "fromStnCode": "TBM",
   "toStn": "KACHEGUDA",
   "toStnCode": "KCG",
   "depAtFromStn": "16:05",
   "arrAtToStn": "07:55",
   "travelTime": "15:50",
   "trainType": "MEX",
   "AC1Tier": 4760,
   "AC2Tier": 2780,
   "sleeperClass": 660
 },
 {
   "trainNo": 18030,
   "trainName": "SHM LTT KURLA T EXP",
   "runsFromStn": "DAILY",
   "src": "SHALIMAR",
   "srcCode": "SHM",
   "dstn": "LOKMANYATILAK",
   "dstnCode": "LTT",
   "fromStn": "SHALIMAR",
   "fromStnCode": "SHM",
   "toStn": "KALYAN JN",
   "toStnCode": "KYN",
   "depAtFromStn": "15:00",
   "arrAtToStn": "03:45",
   "travelTime": "36:45:00",
   "trainType": "MEX",
   "AC1Tier": 4920,
   "AC2Tier": 2855,
   "sleeperClass": 740
 },
 {
   "trainNo": 18111,
   "trainName": "TATA - YPR EXP",
   "runsFromStn": "FRI",
   "src": "TATANAGAR JN",
   "srcCode": "TATA",
   "dstn": "YASVANTPUR JN",
   "dstnCode": "YPR",
   "fromStn": "SECUNDERABAD JN",
   "fromStnCode": "SC",
   "toStn": "YASVANTPUR JN",
   "toStnCode": "YPR",
   "depAtFromStn": "22:30",
   "arrAtToStn": "18:05",
   "travelTime": "19:35",
   "trainType": "MEX",
   "AC1Tier": 4040,
   "AC2Tier": 2350,
   "sleeperClass": 595
 },
 {
   "trainNo": 18520,
   "trainName": "LTT-VSKP EXP",
   "runsFromStn": "DAILY",
   "src": "LOKMANYATILAK",
   "srcCode": "LTT",
   "dstn": "VISAKHAPATNAM",
   "dstnCode": "VSKP",
   "fromStn": "LOKMANYATILAK",
   "fromStnCode": "LTT",
   "toStn": "SECUNDERABAD JN",
   "toStnCode": "SC",
   "depAtFromStn": "06:55",
   "arrAtToStn": "20:55",
   "travelTime": "14:00",
   "trainType": "MEX",
   "AC1Tier": 4760,
   "AC2Tier": 2780,
   "sleeperClass": 660
 },
 {
   "trainNo": 18645,
   "trainName": "HWH HYB EAST COASTEXPRESS",
   "runsFromStn": "DAILY",
   "src": "HOWRAH JN",
   "srcCode": "HWH",
   "dstn": "HYDERABAD DECAN",
   "dstnCode": "HYB",
   "fromStn": "HOWRAH JN",
   "fromStnCode": "HWH",
   "toStn": "HYDERABAD DECAN",
   "toStnCode": "HYB",
   "depAtFromStn": "11:45",
   "arrAtToStn": "17:55",
   "travelTime": "30:10:00",
   "trainType": "MEX",
   "AC1Tier": 4760,
   "AC2Tier": 2780,
   "sleeperClass": 660
 },
 {
   "trainNo": 19020,
   "trainName": "DEHRADUN EXP",
   "runsFromStn": "DAILY",
   "src": "DEHRADUN",
   "srcCode": "DDN",
   "dstn": "BANDRA TERMINUS",
   "dstnCode": "BDTS",
   "fromStn": "HAZRAT NIZAMUDDIN",
   "fromStnCode": "NZM",
   "toStn": "VIRAR",
   "toStnCode": "VR",
   "depAtFromStn": "21:50",
   "arrAtToStn": "02:58",
   "travelTime": "29:08:00",
   "trainType": "MEX",
   "AC1Tier": 4760,
   "AC2Tier": 2865,
   "sleeperClass": 660
 },
 {
   "trainNo": 19024,
   "trainName": "FZR BCT JANTA",
   "runsFromStn": "DAILY",
   "src": "FIROZPUR CANT",
   "srcCode": "FZR",
   "dstn": "MUMBAI CENTRAL",
   "dstnCode": "MMCT",
   "fromStn": "NEW DELHI",
   "fromStnCode": "NDLS",
   "toStn": "VIRAR",
   "toStnCode": "VR",
   "depAtFromStn": "13:30",
   "arrAtToStn": "18:06",
   "travelTime": "28:36:00",
   "trainType": "MEX",
   "AC1Tier": 4760,
   "AC2Tier": 2865,
   "sleeperClass": 660
 },
 {
   "trainNo": 19202,
   "trainName": "PBR SC EXPRESS",
   "runsFromStn": "TUE",
   "src": "PORBANDAR",
   "srcCode": "PBR",
   "dstn": "SECUNDERABAD JN",
   "dstnCode": "SC",
   "fromStn": "VASAI ROAD",
   "fromStnCode": "BSR",
   "toStn": "BEGAMPET",
   "toStnCode": "BMT",
   "depAtFromStn": "18:30",
   "arrAtToStn": "09:26",
   "travelTime": "14:56",
   "trainType": "MEX",
   "AC1Tier": 4760,
   "AC2Tier": 2780,
   "sleeperClass": 660
 },
 {
   "trainNo": 19301,
   "trainName": "YESHVANTPUR EXP",
   "runsFromStn": "MON",
   "src": "INDORE JN BG",
   "srcCode": "INDB",
   "dstn": "YASVANTPUR JN",
   "dstnCode": "YPR",
   "fromStn": "KACHEGUDA",
   "fromStnCode": "KCG",
   "toStn": "YELAHANKA JN.",
   "toStnCode": "YNK",
   "depAtFromStn": "22:30",
   "arrAtToStn": "10:29",
   "travelTime": "11:59",
   "trainType": "MEX",
   "AC1Tier": 4040,
   "AC2Tier": 2350,
   "sleeperClass": 595
 },
 {
   "trainNo": 19420,
   "trainName": "ADI CHENNAI EXP",
   "runsFromStn": "WED,SAT",
   "src": "AHMEDABAD JN",
   "srcCode": "ADI",
   "dstn": "CHENNAI CENTRAL",
   "dstnCode": "MAS",
   "fromStn": "VASAI ROAD",
   "fromStnCode": "BSR",
   "toStn": "CHENNAI CENTRAL",
   "toStnCode": "MAS",
   "depAtFromStn": "17:05",
   "arrAtToStn": "17:10",
   "travelTime": "24:05:00",
   "trainType": "MEX",
   "AC1Tier": 4760,
   "AC2Tier": 2780,
   "sleeperClass": 660
 },
 {
   "trainNo": 19568,
   "trainName": "VIVEK EXPRESS",
   "runsFromStn": "FRI",
   "src": "OKHA",
   "srcCode": "OKHA",
   "dstn": "TUTICORIN",
   "dstnCode": "TN",
   "fromStn": "VASAI ROAD",
   "fromStnCode": "BSR",
   "toStn": "YELAHANKA JN.",
   "toStnCode": "YNK",
   "depAtFromStn": "18:30",
   "arrAtToStn": "16:04",
   "travelTime": "21:34",
   "trainType": "MEX",
   "AC1Tier": 4040,
   "AC2Tier": 2350,
   "sleeperClass": 595
 },
 {
   "trainNo": 19667,
   "trainName": "UDZ MYS HUMSAFAR EXP",
   "runsFromStn": "TUE",
   "src": "UDAIPUR",
   "srcCode": "UDZ",
   "dstn": "MYSORE JN",
   "dstnCode": "MYS",
   "fromStn": "VASAI ROAD",
   "fromStnCode": "BSR",
   "toStn": "KSR BENGALURU",
   "toStnCode": "SBC",
   "depAtFromStn": "13:05",
   "arrAtToStn": "13:45",
   "travelTime": "24:40:00",
   "trainType": "MEX",
   "AC1Tier": 4040,
   "AC2Tier": 2350,
   "sleeperClass": 595
 },
 {
   "trainNo": 22110,
   "trainName": "NZM LTT AC EXP",
   "runsFromStn": "WED",
   "src": "HAZRAT NIZAMUDDIN",
   "srcCode": "NZM",
   "dstn": "LOKMANYATILAK",
   "dstnCode": "LTT",
   "fromStn": "HAZRAT NIZAMUDDIN",
   "fromStnCode": "NZM",
   "toStn": "KALYAN JN",
   "toStnCode": "KYN",
   "depAtFromStn": "15:45",
   "arrAtToStn": "10:47",
   "travelTime": "19:02",
   "trainType": "SUF",
   "AC1Tier": 4760,
   "AC2Tier": 2865,
   "sleeperClass": 660
 },
 {
   "trainNo": 22210,
   "trainName": "BCT DURONTO",
   "runsFromStn": "TUE,SAT",
   "src": "NEW DELHI",
   "srcCode": "NDLS",
   "dstn": "MUMBAI CENTRAL",
   "dstnCode": "MMCT",
   "fromStn": "NEW DELHI",
   "fromStnCode": "NDLS",
   "toStn": "MUMBAI CENTRAL",
   "toStnCode": "MMCT",
   "depAtFromStn": "23:25",
   "arrAtToStn": "16:15",
   "travelTime": "16:50",
   "trainType": "DRNT",
   "AC1Tier": 4760,
   "AC2Tier": 2865,
   "sleeperClass": 660
 },
 {
   "trainNo": 22351,
   "trainName": "PPTA - YPR EXP (WEEKLY)",
   "runsFromStn": "SUN",
   "src": "PATLIPUTRA",
   "srcCode": "PPTA",
   "dstn": "YASVANTPUR JN",
   "dstnCode": "YPR",
   "fromStn": "CHENNAI CENTRAL",
   "fromStnCode": "MAS",
   "toStn": "YASVANTPUR JN",
   "toStnCode": "YPR",
   "depAtFromStn": "14:45",
   "arrAtToStn": "20:55",
   "travelTime": "06:10",
   "trainType": "SUF",
   "AC1Tier": 4040,
   "AC2Tier": 2350,
   "sleeperClass": 595
 },
 {
   "trainNo": 22404,
   "trainName": "NDLS-PDY WEEKLY EXP",
   "runsFromStn": "SUN",
   "src": "NEW DELHI",
   "srcCode": "NDLS",
   "dstn": "PONDICHERRY",
   "dstnCode": "PDY",
   "fromStn": "NEW DELHI",
   "fromStnCode": "NDLS",
   "toStn": "CHENNAI EGMORE",
   "toStnCode": "MS",
   "depAtFromStn": "23:45",
   "arrAtToStn": "14:25",
   "travelTime": "38:40:00",
   "trainType": "SUF",
   "AC1Tier": 4760,
   "AC2Tier": 2780,
   "sleeperClass": 660
 },
 {
   "trainNo": 22414,
   "trainName": "NZM-MAO RAJDHANI EXPRESS",
   "runsFromStn": "FRI,SAT",
   "src": "HAZRAT NIZAMUDDIN",
   "srcCode": "NZM",
   "dstn": "MADGAON",
   "dstnCode": "MAO",
   "fromStn": "HAZRAT NIZAMUDDIN",
   "fromStnCode": "NZM",
   "toStn": "VASAI ROAD",
   "toStnCode": "BSR",
   "depAtFromStn": "10:55",
   "arrAtToStn": "03:10",
   "travelTime": "16:15",
   "trainType": "RAJ",
   "AC1Tier": 4760,
   "AC2Tier": 2865,
   "sleeperClass": 660
 },
 {
   "trainNo": 22452,
   "trainName": "CDG - BDTS EXPRESS",
   "runsFromStn": "WED,SUN",
   "src": "CHANDIGARH",
   "srcCode": "CDG",
   "dstn": "BANDRA TERMINUS",
   "dstnCode": "BDTS",
   "fromStn": "DELHI CANTT",
   "fromStnCode": "DEC",
   "toStn": "BORIVALI",
   "toStnCode": "BVI",
   "depAtFromStn": "10:02",
   "arrAtToStn": "08:26",
   "travelTime": "22:24",
   "trainType": "SUF",
   "AC1Tier": 4760,
   "AC2Tier": 2865,
   "sleeperClass": 660
 },
 {
   "trainNo": 22502,
   "trainName": "NTSK - SBC SUPERFAST EXP",
   "runsFromStn": "SUN",
   "src": "NEW TINSUKIA",
   "srcCode": "NTSK",
   "dstn": "KSR BENGALURU",
   "dstnCode": "SBC",
   "fromStn": "HOWRAH JN",
   "fromStnCode": "HWH",
   "toStn": "KSR BENGALURU",
   "toStnCode": "SBC",
   "depAtFromStn": "01:05",
   "arrAtToStn": "11:30",
   "travelTime": "34:25:00",
   "trainType": "SUF",
   "AC1Tier": 4040,
   "AC2Tier": 2350,
   "sleeperClass": 595
 },
 {
   "trainNo": 22512,
   "trainName": "KARMABHOOMI EXPRESS",
   "runsFromStn": "SUN",
   "src": "KAMAKHYA",
   "srcCode": "KYQ",
   "dstn": "LOKMANYATILAK",
   "dstnCode": "LTT",
   "fromStn": "HOWRAH JN",
   "fromStnCode": "HWH",
   "toStn": "KALYAN JN",
   "toStnCode": "KYN",
   "depAtFromStn": "14:35",
   "arrAtToStn": "22:02",
   "travelTime": "31:27:00",
   "trainType": "SUF",
   "AC1Tier": 4920,
   "AC2Tier": 2855,
   "sleeperClass": 740
 },
 {
   "trainNo": 22601,
   "trainName": "MAS-SNSI EXP",
   "runsFromStn": "WED",
   "src": "CHENNAI CENTRAL",
   "srcCode": "MAS",
   "dstn": "SAINAGAR SIRIDI",
   "dstnCode": "SNSI",
   "fromStn": "CHENNAI CENTRAL",
   "fromStnCode": "MAS",
   "toStn": "YELAHANKA JN.",
   "toStnCode": "YNK",
   "depAtFromStn": "10:10",
   "arrAtToStn": "16:04",
   "travelTime": "05:54",
   "trainType": "SUF",
   "AC1Tier": 4040,
   "AC2Tier": 2350,
   "sleeperClass": 595
 },
 {
   "trainNo": 22625,
   "trainName": "MAS-SBC AC DOUBLE DECKER",
   "runsFromStn": "DAILY",
   "src": "CHENNAI CENTRAL",
   "srcCode": "MAS",
   "dstn": "KSR BENGALURU",
   "dstnCode": "SBC",
   "fromStn": "CHENNAI CENTRAL",
   "fromStnCode": "MAS",
   "toStn": "KSR BENGALURU",
   "toStnCode": "SBC",
   "depAtFromStn": "07:25",
   "arrAtToStn": "13:10",
   "travelTime": "05:45",
   "trainType": "SUF",
   "AC1Tier": 4040,
   "AC2Tier": 2350,
   "sleeperClass": 595
 },
 {
   "trainNo": 22634,
   "trainName": "NZM TVC SF EXP",
   "runsFromStn": "FRI",
   "src": "HAZRAT NIZAMUDDIN",
   "srcCode": "NZM",
   "dstn": "THIRUVANANTHAPURAM CENTRAL",
   "dstnCode": "TVC",
   "fromStn": "HAZRAT NIZAMUDDIN",
   "fromStnCode": "NZM",
   "toStn": "VASAI ROAD",
   "toStnCode": "BSR",
   "depAtFromStn": "23:35",
   "arrAtToStn": "21:35",
   "travelTime": "22:00",
   "trainType": "SUF",
   "AC1Tier": 4760,
   "AC2Tier": 2865,
   "sleeperClass": 660
 },
 {
   "trainNo": 22654,
   "trainName": "NZM-TVC WKLY SF EXP",
   "runsFromStn": "MON",
   "src": "HAZRAT NIZAMUDDIN",
   "srcCode": "NZM",
   "dstn": "THIRUVANANTHAPURAM CENTRAL",
   "dstnCode": "TVC",
   "fromStn": "HAZRAT NIZAMUDDIN",
   "fromStnCode": "NZM",
   "toStn": "VASAI ROAD",
   "toStnCode": "BSR",
   "depAtFromStn": "10:05",
   "arrAtToStn": "06:40",
   "travelTime": "20:35",
   "trainType": "MEX",
   "AC1Tier": 4760,
   "AC2Tier": 2865,
   "sleeperClass": 660
 },
 {
   "trainNo": 22656,
   "trainName": "NZM-TVC WKLY SF EXP",
   "runsFromStn": "FRI",
   "src": "HAZRAT NIZAMUDDIN",
   "srcCode": "NZM",
   "dstn": "THIRUVANANTHAPURAM CENTRAL",
   "dstnCode": "TVC",
   "fromStn": "HAZRAT NIZAMUDDIN",
   "fromStnCode": "NZM",
   "toStn": "VASAI ROAD",
   "toStnCode": "BSR",
   "depAtFromStn": "10:05",
   "arrAtToStn": "06:40",
   "travelTime": "20:35",
   "trainType": "SUF",
   "AC1Tier": 4760,
   "AC2Tier": 2865,
   "sleeperClass": 660
 },
 {
   "trainNo": 22660,
   "trainName": "DDN KCVL SUP EXP",
   "runsFromStn": "MON",
   "src": "DEHRADUN",
   "srcCode": "DDN",
   "dstn": "KOCHUVELI",
   "dstnCode": "KCVL",
   "fromStn": "HAZRAT NIZAMUDDIN",
   "fromStnCode": "NZM",
   "toStn": "VASAI ROAD",
   "toStnCode": "BSR",
   "depAtFromStn": "13:55",
   "arrAtToStn": "10:50",
   "travelTime": "20:55",
   "trainType": "SUF",
   "AC1Tier": 4760,
   "AC2Tier": 2865,
   "sleeperClass": 660
 },
 {
   "trainNo": 22682,
   "trainName": "MAS-MYS EXPRESS",
   "runsFromStn": "THU",
   "src": "CHENNAI CENTRAL",
   "srcCode": "MAS",
   "dstn": "MYSORE JN",
   "dstnCode": "MYS",
   "fromStn": "CHENNAI CENTRAL",
   "fromStnCode": "MAS",
   "toStn": "KSR BENGALURU",
   "toStnCode": "SBC",
   "depAtFromStn": "23:30",
   "arrAtToStn": "05:30",
   "travelTime": "06:00",
   "trainType": "SUF",
   "AC1Tier": 4040,
   "AC2Tier": 2350,
   "sleeperClass": 595
 },
 {
   "trainNo": 22684,
   "trainName": "LKO-YPR WEEKLY EXP",
   "runsFromStn": "SAT",
   "src": "LUCKNOW",
   "srcCode": "LKO",
   "dstn": "YASVANTPUR JN",
   "dstnCode": "YPR",
   "fromStn": "KACHEGUDA",
   "fromStnCode": "KCG",
   "toStn": "YELAHANKA JN.",
   "toStnCode": "YNK",
   "depAtFromStn": "01:35",
   "arrAtToStn": "12:53",
   "travelTime": "11:18",
   "trainType": "MEX",
   "AC1Tier": 4040,
   "AC2Tier": 2350,
   "sleeperClass": 595
 },
 {
   "trainNo": 22686,
   "trainName": "CDG-YPR BI WEEKLY EXPRESS",
   "runsFromStn": "TUE,SAT",
   "src": "CHANDIGARH",
   "srcCode": "CDG",
   "dstn": "YASVANTPUR JN",
   "dstnCode": "YPR",
   "fromStn": "NEW DELHI",
   "fromStnCode": "NDLS",
   "toStn": "YASVANTPUR JN",
   "toStnCode": "YPR",
   "depAtFromStn": "08:10",
   "arrAtToStn": "06:20",
   "travelTime": "46:10:00",
   "trainType": "MEX",
   "AC1Tier": 4040,
   "AC2Tier": 2350,
   "sleeperClass": 595
 },
 {
   "trainNo": 22692,
   "trainName": "BANGALORE RAJDHANI EXPRES",
   "runsFromStn": "DAILY",
   "src": "HAZRAT NIZAMUDDIN",
   "srcCode": "NZM",
   "dstn": "KSR BENGALURU",
   "dstnCode": "SBC",
   "fromStn": "HAZRAT NIZAMUDDIN",
   "fromStnCode": "NZM",
   "toStn": "SECUNDERABAD JN",
   "toStnCode": "SC",
   "depAtFromStn": "20:45",
   "arrAtToStn": "18:25",
   "travelTime": "21:40",
   "trainType": "RAJ",
   "AC1Tier": 4760,
   "AC2Tier": 2780,
   "sleeperClass": 660
 },
 {
   "trainNo": 22692,
   "trainName": "BANGALORE RAJDHANI EXPRES",
   "runsFromStn": "DAILY",
   "src": "HAZRAT NIZAMUDDIN",
   "srcCode": "NZM",
   "dstn": "KSR BENGALURU",
   "dstnCode": "SBC",
   "fromStn": "SECUNDERABAD JN",
   "fromStnCode": "SC",
   "toStn": "KSR BENGALURU",
   "toStnCode": "SBC",
   "depAtFromStn": "18:40",
   "arrAtToStn": "06:40",
   "travelTime": "12:00",
   "trainType": "RAJ",
   "AC1Tier": 4040,
   "AC2Tier": 2350,
   "sleeperClass": 595
 },
 {
   "trainNo": 22692,
   "trainName": "BANGALORE RAJDHANI EXPRES",
   "runsFromStn": "DAILY",
   "src": "HAZRAT NIZAMUDDIN",
   "srcCode": "NZM",
   "dstn": "KSR BENGALURU",
   "dstnCode": "SBC",
   "fromStn": "HAZRAT NIZAMUDDIN",
   "fromStnCode": "NZM",
   "toStn": "KSR BENGALURU",
   "toStnCode": "SBC",
   "depAtFromStn": "20:45",
   "arrAtToStn": "06:40",
   "travelTime": "33:55:00",
   "trainType": "RAJ",
   "AC1Tier": 4040,
   "AC2Tier": 2350,
   "sleeperClass": 595
 },
 {
   "trainNo": 22698,
   "trainName": "MAS- HUBLI EXP",
   "runsFromStn": "SUN",
   "src": "CHENNAI CENTRAL",
   "srcCode": "MAS",
   "dstn": "HUBLI JN",
   "dstnCode": "UBL",
   "fromStn": "CHENNAI CENTRAL",
   "fromStnCode": "MAS",
   "toStn": "YASVANTPUR JN",
   "toStnCode": "YPR",
   "depAtFromStn": "15:00",
   "arrAtToStn": "21:35",
   "travelTime": "06:35",
   "trainType": "MEX",
   "AC1Tier": 4040,
   "AC2Tier": 2350,
   "sleeperClass": 595
 },
 {
   "trainNo": 22706,
   "trainName": "JAT-TPTY",
   "runsFromStn": "FRI",
   "src": "JAMMU TAWI",
   "srcCode": "JAT",
   "dstn": "TIRUPATI",
   "dstnCode": "TPTY",
   "fromStn": "DELHI SAFDARJNG",
   "fromStnCode": "DSJ",
   "toStn": "SECUNDERABAD JN",
   "toStnCode": "SC",
   "depAtFromStn": "16:55",
   "arrAtToStn": "22:45",
   "travelTime": "29:50:00",
   "trainType": "SUF",
   "AC1Tier": 4760,
   "AC2Tier": 2780,
   "sleeperClass": 660
 },
 {
   "trainNo": 22807,
   "trainName": "SRC - MAS AC EXPRESS",
   "runsFromStn": "TUE,FRI",
   "src": "SANTRAGACHI JN",
   "srcCode": "SRC",
   "dstn": "CHENNAI CENTRAL",
   "dstnCode": "MAS",
   "fromStn": "SANTRAGACHI JN",
   "fromStnCode": "SRC",
   "toStn": "CHENNAI CENTRAL",
   "toStnCode": "MAS",
   "depAtFromStn": "19:00",
   "arrAtToStn": "22:45",
   "travelTime": "27:45:00",
   "trainType": "SUF",
   "AC1Tier": 4760,
   "AC2Tier": 2780,
   "sleeperClass": 660
 },
 {
   "trainNo": 22817,
   "trainName": "HWH-MYS SF EXP",
   "runsFromStn": "FRI",
   "src": "HOWRAH JN",
   "srcCode": "HWH",
   "dstn": "MYSORE JN",
   "dstnCode": "MYS",
   "fromStn": "HOWRAH JN",
   "fromStnCode": "HWH",
   "toStn": "KSR BENGALURU",
   "toStnCode": "SBC",
   "depAtFromStn": "16:10",
   "arrAtToStn": "00:30",
   "travelTime": "32:20:00",
   "trainType": "SUF",
   "AC1Tier": 4040,
   "AC2Tier": 2350,
   "sleeperClass": 595
 },
 {
   "trainNo": 22825,
   "trainName": "SHM - MAS S/F EXP",
   "runsFromStn": "TUE",
   "src": "SHALIMAR",
   "srcCode": "SHM",
   "dstn": "CHENNAI CENTRAL",
   "dstnCode": "MAS",
   "fromStn": "SHALIMAR",
   "fromStnCode": "SHM",
   "toStn": "CHENNAI CENTRAL",
   "toStnCode": "MAS",
   "depAtFromStn": "12:10",
   "arrAtToStn": "15:35",
   "travelTime": "27:25:00",
   "trainType": "SUF",
   "AC1Tier": 4760,
   "AC2Tier": 2780,
   "sleeperClass": 660
 },
 {
   "trainNo": 22849,
   "trainName": "SHM - SC S/F EXP",
   "runsFromStn": "WED",
   "src": "SHALIMAR",
   "srcCode": "SHM",
   "dstn": "SECUNDERABAD JN",
   "dstnCode": "SC",
   "fromStn": "SHALIMAR",
   "fromStnCode": "SHM",
   "toStn": "SECUNDERABAD JN",
   "toStnCode": "SC",
   "depAtFromStn": "12:10",
   "arrAtToStn": "14:25",
   "travelTime": "26:15:00",
   "trainType": "SUF",
   "AC1Tier": 4760,
   "AC2Tier": 2780,
   "sleeperClass": 660
 },
 {
   "trainNo": 22857,
   "trainName": "SRC ANVT WEEKLY SF EXP",
   "runsFromStn": "MON",
   "src": "SANTRAGACHI JN",
   "srcCode": "SRC",
   "dstn": "ANAND VIHAR TERMINAL",
   "dstnCode": "ANVT",
   "fromStn": "SANTRAGACHI JN",
   "fromStnCode": "SRC",
   "toStn": "ANAND VIHAR TERMINAL",
   "toStnCode": "ANVT",
   "depAtFromStn": "08:55",
   "arrAtToStn": "11:50",
   "travelTime": "26:55:00",
   "trainType": "SUF",
   "AC1Tier": 4760,
   "AC2Tier": 2780,
   "sleeperClass": 660
 },
 {
   "trainNo": 22863,
   "trainName": "HWH-YPR WEEKLY AC EXP",
   "runsFromStn": "MON",
   "src": "HOWRAH JN",
   "srcCode": "HWH",
   "dstn": "YASVANTPUR JN",
   "dstnCode": "YPR",
   "fromStn": "HOWRAH JN",
   "fromStnCode": "HWH",
   "toStn": "YASVANTPUR JN",
   "toStnCode": "YPR",
   "depAtFromStn": "10:55",
   "arrAtToStn": "16:00",
   "travelTime": "29:05:00",
   "trainType": "SUF",
   "AC1Tier": 4040,
   "AC2Tier": 2350,
   "sleeperClass": 595
 },
 {
   "trainNo": 22887,
   "trainName": "HWH-YPR-HWH HUMSAFAR EXP",
   "runsFromStn": "TUE",
   "src": "HOWRAH JN",
   "srcCode": "HWH",
   "dstn": "YASVANTPUR JN",
   "dstnCode": "YPR",
   "fromStn": "HOWRAH JN",
   "fromStnCode": "HWH",
   "toStn": "YASVANTPUR JN",
   "toStnCode": "YPR",
   "depAtFromStn": "12:40",
   "arrAtToStn": "21:35",
   "travelTime": "32:55:00",
   "trainType": "SUF",
   "AC1Tier": 4040,
   "AC2Tier": 2350,
   "sleeperClass": 595
 },
 {
   "trainNo": 22918,
   "trainName": "HW BDTS SF EXP",
   "runsFromStn": "THU",
   "src": "HARIDWAR JN",
   "srcCode": "HW",
   "dstn": "BANDRA TERMINUS",
   "dstnCode": "BDTS",
   "fromStn": "HAZRAT NIZAMUDDIN",
   "fromStnCode": "NZM",
   "toStn": "BORIVALI",
   "toStnCode": "BVI",
   "depAtFromStn": "23:35",
   "arrAtToStn": "21:12",
   "travelTime": "21:37",
   "trainType": "SUF",
   "AC1Tier": 4760,
   "AC2Tier": 2865,
   "sleeperClass": 660
 },
 {
   "trainNo": 22920,
   "trainName": "ADI MAS HUMSAFAR",
   "runsFromStn": "MON",
   "src": "AHMEDABAD JN",
   "srcCode": "ADI",
   "dstn": "CHENNAI CENTRAL",
   "dstnCode": "MAS",
   "fromStn": "VASAI ROAD",
   "fromStnCode": "BSR",
   "toStn": "CHENNAI CENTRAL",
   "toStnCode": "MAS",
   "depAtFromStn": "22:10",
   "arrAtToStn": "22:40",
   "travelTime": "24:30:00",
   "trainType": "SUF",
   "AC1Tier": 4760,
   "AC2Tier": 2780,
   "sleeperClass": 660
 },
 {
   "trainNo": 22950,
   "trainName": "DEE BDTS SF EXP",
   "runsFromStn": "THU",
   "src": "DELHI SARAI ROHILLA",
   "srcCode": "DEE",
   "dstn": "BANDRA TERMINUS",
   "dstnCode": "BDTS",
   "fromStn": "DELHI SARAI ROHILLA",
   "fromStnCode": "DEE",
   "toStn": "BORIVALI",
   "toStnCode": "BVI",
   "depAtFromStn": "16:20",
   "arrAtToStn": "16:00",
   "travelTime": "23:40",
   "trainType": "SUF",
   "AC1Tier": 4760,
   "AC2Tier": 2865,
   "sleeperClass": 660
 },
 {
   "trainNo": 82654,
   "trainName": "JP-YPR WEEKLY SUVIDHA SPL",
   "runsFromStn": "SUN",
   "src": "JAIPUR",
   "srcCode": "JP",
   "dstn": "YASVANTPUR JN",
   "dstnCode": "YPR",
   "fromStn": "VASAI ROAD",
   "fromStnCode": "BSR",
   "toStn": "YASVANTPUR JN",
   "toStnCode": "YPR",
   "depAtFromStn": "17:05",
   "arrAtToStn": "18:05",
   "travelTime": "25:00:00",
   "trainType": "SUVD",
   "AC1Tier": 4040,
   "AC2Tier": 2350,
   "sleeperClass": 595
 }
]